osm_id,jurisd_base_id,jurisd_local_id,name,parent_abbrev,abbrev,wikidata_id,lexlabel,isolabel_ext,ddd,info
332900,76,2100105,"Afonso Cunha",MA,ASH,532160,afonso.cunha,BR-MA-AfonsoCunha,98,"{""area_sr"": 0.03032, ""area_km2"": 372, ""fat_deg_m"": 0.0000090, ""population"": {""ref"": ""IBGE"", ""date"": ""2021-07-01"", ""method"": ""estimate"", ""population"": 6631}, ""side_estim_km"": 19.3, ""side_estim_deg"": 0.1741, ""elongation_factor"": 1.52, ""postalCode_ranges"": ""[65505-000 65509-999]"", ""shares_border_with"": [""BR-MA-AldeiasAltas"", ""BR-MA-Chapadinha"", ""BR-MA-CoelhoNeto""]}"
332985,76,2100204,Alcântara,MA,ALN,939522,alcantara,BR-MA-Alcantara,98,"{""area_sr"": 0.12114, ""area_km2"": 1490, ""fat_deg_m"": 0.0000090, ""population"": {""ref"": ""IBGE"", ""date"": ""2021-07-01"", ""method"": ""estimate"", ""population"": 22126}, ""side_estim_km"": 38.6, ""side_estim_deg"": 0.348, ""elongation_factor"": 1.72, ""postalCode_ranges"": ""[65250-000 65254-999]"", ""shares_border_with"": [""BR-MA-Bacurituba"", ""BR-MA-Bequimao"", ""BR-MA-Guimaraes"", ""BR-MA-PeriMirim"", ""BR-MA-SaoLuis""]}"
332823,76,2100303,"Aldeias Altas",MA,ASA,2013348,aldeias.altas,BR-MA-AldeiasAltas,99,"{""area_sr"": 0.15844, ""area_km2"": 1944, ""fat_deg_m"": 0.0000090, ""population"": {""ref"": ""IBGE"", ""date"": ""2021-07-01"", ""method"": ""estimate"", ""population"": 26979}, ""side_estim_km"": 44.1, ""side_estim_deg"": 0.398, ""elongation_factor"": 1.72, ""postalCode_ranges"": ""[65610-000 65614-999]"", ""shares_border_with"": [""BR-MA-AfonsoCunha"", ""BR-MA-Caxias"", ""BR-MA-Codo"", ""BR-MA-CoelhoNeto""]}"
332830,76,2100402,"Altamira do Maranhão",MA,ALO,2013259,altamira.maranhao,BR-MA-AltamiraMaranhao,98,"{""area_sr"": 0.059, ""area_km2"": 724, ""fat_deg_m"": 0.0000090, ""population"": {""ref"": ""IBGE"", ""date"": ""2021-07-01"", ""method"": ""estimate"", ""population"": 8250}, ""side_estim_km"": 26.9, ""side_estim_deg"": 0.2429, ""elongation_factor"": 2.08, ""postalCode_ranges"": ""[65310-000 65314-999]"", ""shares_border_with"": [""BR-MA-BrejoAreia"", ""BR-MA-SantaInes"", ""BR-MA-SantaLuzia"", ""BR-MA-VitorinoFreire""]}"
332864,76,2100436,"Alto Alegre do Maranhão",MA,,373783,alto.alegre.maranhao,BR-MA-AltoAlegreMaranhao,99,"{""area_sr"": 0.03118, ""area_km2"": 383, ""fat_deg_m"": 0.0000090, ""population"": {""ref"": ""IBGE"", ""date"": ""2021-07-01"", ""method"": ""estimate"", ""population"": 28066}, ""side_estim_km"": 19.6, ""side_estim_deg"": 0.1766, ""elongation_factor"": 1.16, ""postalCode_ranges"": ""[65413-000 65414-999]"", ""shares_border_with"": [""BR-MA-Bacabal"", ""BR-MA-Coroata"", ""BR-MA-Peritoro"", ""BR-MA-SaoLuisGonzagaMaranhao"", ""BR-MA-SaoMateusMaranhao""]}"
332962,76,2100477,"Alto Alegre do Pindaré",MA,,2028638,alto.alegre.pindare,BR-MA-AltoAlegrePindare,98,"{""area_sr"": 0.15727, ""area_km2"": 1932, ""fat_deg_m"": 0.0000090, ""population"": {""ref"": ""IBGE"", ""date"": ""2021-07-01"", ""method"": ""estimate"", ""population"": 31967}, ""side_estim_km"": 43.9, ""side_estim_deg"": 0.3966, ""elongation_factor"": 2.45, ""postalCode_ranges"": ""[65398-000 65399-999]"", ""shares_border_with"": [""BR-MA-BomJardim"", ""BR-MA-Buriticupu"", ""BR-MA-SantaLuzia"", ""BR-MA-Tufilandia""]}"
332819,76,2100501,"Alto Parnaíba",MA,ATP,1812998,alto.parnaiba,BR-MA-AltoParnaiba,99,"{""area_sr"": 0.91559, ""area_km2"": 11119, ""fat_deg_m"": 0.0000091, ""population"": {""ref"": ""IBGE"", ""date"": ""2021-07-01"", ""method"": ""estimate"", ""population"": 11233}, ""side_estim_km"": 105.4, ""side_estim_deg"": 0.9569, ""elongation_factor"": 1.66, ""postalCode_ranges"": ""[65810-000 65819-999]"", ""shares_border_with"": [""BR-MA-Balsas"", ""BR-MA-TassoFragoso"", ""BR-PI-BarreirasPiaui"", ""BR-PI-Gilbues"", ""BR-PI-SantaFilomena"", ""BR-TO-Lizarda"", ""BR-TO-Mateiros"", ""BR-TO-SaoFelixTocantins""]}"
332774,76,2100550,"Amapá do Maranhão",MA,,2013296,amapa.maranhao,BR-MA-AmapaMaranhao,98,"{""area_sr"": 0.04082, ""area_km2"": 502, ""fat_deg_m"": 0.0000090, ""population"": {""ref"": ""IBGE"", ""date"": ""2021-07-01"", ""method"": ""estimate"", ""population"": 7047}, ""side_estim_km"": 22.4, ""side_estim_deg"": 0.2021, ""elongation_factor"": 1.28, ""postalCode_ranges"": ""[65293-000 65293-999]"", ""shares_border_with"": [""BR-MA-CandidoMendes"", ""BR-MA-Carutapera"", ""BR-MA-GodofredoViana"", ""BR-MA-JuncoMaranhao"", ""BR-MA-LuisDomingues"", ""BR-MA-Maracacume""]}"
332886,76,2100600,"Amarante do Maranhão",MA,ATH,947834,amarante.maranhao,BR-MA-AmaranteMaranhao,99,"{""area_sr"": 0.6067, ""area_km2"": 7437, ""fat_deg_m"": 0.0000090, ""population"": {""ref"": ""IBGE"", ""date"": ""2021-07-01"", ""method"": ""estimate"", ""population"": 42017}, ""side_estim_km"": 86.2, ""side_estim_deg"": 0.7789, ""elongation_factor"": 1.68, ""postalCode_ranges"": ""[65923-000 65923-999]"", ""shares_border_with"": [""BR-MA-Acailandia"", ""BR-MA-Arame"", ""BR-MA-BomJesusSelvas"", ""BR-MA-Buriticupu"", ""BR-MA-Buritirana"", ""BR-MA-Grajau"", ""BR-MA-JoaoLisboa"", ""BR-MA-MontesAltos"", ""BR-MA-SantaLuzia"", ""BR-MA-SenadorLaRocque"", ""BR-MA-SitioNovo""]}"
332973,76,2100709,Anajatuba,MA,ANJ,2013314,anajatuba,BR-MA-Anajatuba,98,"{""area_sr"": 0.08138, ""area_km2"": 1000, ""fat_deg_m"": 0.0000090, ""population"": {""ref"": ""IBGE"", ""date"": ""2021-07-01"", ""method"": ""estimate"", ""population"": 27170}, ""side_estim_km"": 31.6, ""side_estim_deg"": 0.2853, ""elongation_factor"": 1.35, ""postalCode_ranges"": ""[65490-000 65494-999]"", ""shares_border_with"": [""BR-MA-Arari"", ""BR-MA-Cajapio"", ""BR-MA-ItapecuruMirim"", ""BR-MA-MirandaNorte"", ""BR-MA-SantaRita"", ""BR-MA-SaoJoaoBatista"", ""BR-MA-Viana""]}"
332959,76,2100808,Anapurus,MA,ARW,2013366,anapurus,BR-MA-Anapurus,98,"{""area_sr"": 0.0496, ""area_km2"": 609, ""fat_deg_m"": 0.0000090, ""population"": {""ref"": ""IBGE"", ""date"": ""2021-07-01"", ""method"": ""estimate"", ""population"": 16054}, ""side_estim_km"": 24.7, ""side_estim_deg"": 0.2227, ""elongation_factor"": 2.47, ""postalCode_ranges"": ""[65525-000 65529-999]"", ""shares_border_with"": [""BR-MA-Brejo"", ""BR-MA-Buriti"", ""BR-MA-MataRoma"", ""BR-MA-MilagresMaranhao"", ""BR-MA-SantaQuiteriaMaranhao"", ""BR-MA-UrbanoSantos""]}"
332873,76,2100832,Apicum-Açu,MA,,2013356,apicum.acu,BR-MA-ApicumAcu,98,"{""area_sr"": 0.02674, ""area_km2"": 329, ""fat_deg_m"": 0.0000090, ""population"": {""ref"": ""IBGE"", ""date"": ""2021-07-01"", ""method"": ""estimate"", ""population"": 17582}, ""side_estim_km"": 18.1, ""side_estim_deg"": 0.1635, ""elongation_factor"": 5.41, ""postalCode_ranges"": ""[65275-000 65275-999]"", ""shares_border_with"": [""BR-MA-Bacuri"", ""BR-MA-Cururupu""]}"
332834,76,2100873,Araguanã,MA,,2209464,araguana,BR-MA-Araguana,98,"{""area_sr"": 0.06655, ""area_km2"": 818, ""fat_deg_m"": 0.0000090, ""population"": {""ref"": ""IBGE"", ""date"": ""2021-07-01"", ""method"": ""estimate"", ""population"": 15675}, ""side_estim_km"": 28.6, ""side_estim_deg"": 0.258, ""elongation_factor"": 2.15, ""postalCode_ranges"": ""[65368-000 65369-999]"", ""shares_border_with"": [""BR-MA-NovaOlindaMaranhao"", ""BR-MA-PedroRosario"", ""BR-MA-SantaHelena"", ""BR-MA-ZeDoca""]}"
332920,76,2100907,Araioses,MA,AIS,2041199,araioses,BR-MA-Araioses,98,"{""area_sr"": 0.14588, ""area_km2"": 1793, ""fat_deg_m"": 0.0000090, ""population"": {""ref"": ""IBGE"", ""date"": ""2021-07-01"", ""method"": ""estimate"", ""population"": 47095}, ""side_estim_km"": 42.3, ""side_estim_deg"": 0.3819, ""elongation_factor"": 2.24, ""postalCode_ranges"": ""[65570-000 65577-999]"", ""shares_border_with"": [""BR-MA-AguaDoceMaranhao"", ""BR-MA-MagalhaesAlmeida"", ""BR-MA-SaoBernardo"", ""BR-MA-Tutoia"", ""BR-PI-BuritiLopes"", ""BR-PI-IlhaGrande"", ""BR-PI-MuriciPortelas"", ""BR-PI-Parnaiba""]}"
332945,76,2100956,Arame,MA,ARM,2036277,arame,BR-MA-Arame,99,"{""area_sr"": 0.24543, ""area_km2"": 3010, ""fat_deg_m"": 0.0000090, ""population"": {""ref"": ""IBGE"", ""date"": ""2021-07-01"", ""method"": ""estimate"", ""population"": 32825}, ""side_estim_km"": 54.9, ""side_estim_deg"": 0.4954, ""elongation_factor"": 2.19, ""postalCode_ranges"": ""[65945-000 65947-999]"", ""shares_border_with"": [""BR-MA-AmaranteMaranhao"", ""BR-MA-Grajau"", ""BR-MA-ItaipavaGrajau"", ""BR-MA-LagoaGrandeMaranhao"", ""BR-MA-MarajaSena"", ""BR-MA-SantaLuzia""]}"
332865,76,2101004,Arari,MA,AAR,1813008,arari,BR-MA-Arari,98,"{""area_sr"": 0.08876, ""area_km2"": 1091, ""fat_deg_m"": 0.0000090, ""population"": {""ref"": ""IBGE"", ""date"": ""2021-07-01"", ""method"": ""estimate"", ""population"": 30014}, ""side_estim_km"": 33, ""side_estim_deg"": 0.2979, ""elongation_factor"": 2.61, ""postalCode_ranges"": ""[65480-000 65484-999]"", ""shares_border_with"": [""BR-MA-Anajatuba"", ""BR-MA-Cajari"", ""BR-MA-ConceicaoLagoAcu"", ""BR-MA-MatoesNorte"", ""BR-MA-MirandaNorte"", ""BR-MA-Viana"", ""BR-MA-VitoriaMearim""]}"
332803,76,2101103,Axixá,MA,AXI,630926,axixa,BR-MA-Axixa,98,"{""area_sr"": 0.01652, ""area_km2"": 203, ""fat_deg_m"": 0.0000090, ""population"": {""ref"": ""IBGE"", ""date"": ""2021-07-01"", ""method"": ""estimate"", ""population"": 12234}, ""side_estim_km"": 14.3, ""side_estim_deg"": 0.1285, ""elongation_factor"": 2.04, ""postalCode_ranges"": ""[65148-000 65149-999]"", ""shares_border_with"": [""BR-MA-CachoeiraGrande"", ""BR-MA-Icatu"", ""BR-MA-Morros"", ""BR-MA-PresidenteJuscelino"", ""BR-MA-Rosario"", ""BR-MA-SaoJoseRibamar""]}"
332883,76,2100055,Açailândia,MA,ACD,1763534,acailandia,BR-MA-Acailandia,99,"{""area_sr"": 0.47314, ""area_km2"": 5804, ""fat_deg_m"": 0.0000090, ""population"": {""ref"": ""IBGE"", ""date"": ""2021-07-01"", ""method"": ""estimate"", ""population"": 113783}, ""side_estim_km"": 76.2, ""side_estim_deg"": 0.6878, ""elongation_factor"": 2.31, ""postalCode_ranges"": ""[65930-000 65934-999]"", ""shares_border_with"": [""BR-MA-AmaranteMaranhao"", ""BR-MA-BomJardim"", ""BR-MA-BomJesusSelvas"", ""BR-MA-Cidelandia"", ""BR-MA-ItingaMaranhao"", ""BR-MA-JoaoLisboa"", ""BR-MA-SaoFranciscoBrejao"", ""BR-PA-DomEliseu"", ""BR-PA-RondonPara""]}"
332958,76,2101202,Bacabal,MA,BBL,1807313,bacabal,BR-MA-Bacabal,99,"{""area_sr"": 0.1365, ""area_km2"": 1676, ""fat_deg_m"": 0.0000090, ""population"": {""ref"": ""IBGE"", ""date"": ""2021-07-01"", ""method"": ""estimate"", ""population"": 105094}, ""side_estim_km"": 40.9, ""side_estim_deg"": 0.3695, ""elongation_factor"": 2.6, ""postalCode_ranges"": ""[65700-000 65703-999]"", ""shares_border_with"": [""BR-MA-AltoAlegreMaranhao"", ""BR-MA-BomLugar"", ""BR-MA-LagoVerde"", ""BR-MA-SaoLuisGonzagaMaranhao"", ""BR-MA-SaoMateusMaranhao""]}"
332988,76,2101251,Bacabeira,MA,,2068936,bacabeira,BR-MA-Bacabeira,98,"{""area_sr"": 0.05012, ""area_km2"": 616, ""fat_deg_m"": 0.0000090, ""population"": {""ref"": ""IBGE"", ""date"": ""2021-07-01"", ""method"": ""estimate"", ""population"": 17446}, ""side_estim_km"": 24.8, ""side_estim_deg"": 0.2239, ""elongation_factor"": 1.64, ""postalCode_ranges"": ""[65143-000 65144-999]"", ""shares_border_with"": [""BR-MA-Cajapio"", ""BR-MA-Rosario"", ""BR-MA-SantaRita"", ""BR-MA-SaoLuis""]}"
332907,76,2101301,Bacuri,MA,BAU,2089681,bacuri,BR-MA-Bacuri,98,"{""area_sr"": 0.0642, ""area_km2"": 790, ""fat_deg_m"": 0.0000090, ""population"": {""ref"": ""IBGE"", ""date"": ""2021-07-01"", ""method"": ""estimate"", ""population"": 18726}, ""side_estim_km"": 28.1, ""side_estim_deg"": 0.2534, ""elongation_factor"": 2.71, ""postalCode_ranges"": ""[65270-000 65271-999]"", ""shares_border_with"": [""BR-MA-ApicumAcu"", ""BR-MA-Cururupu"", ""BR-MA-SerranoMaranhao"", ""BR-MA-Turiacu"", ""BR-MA-Turilandia""]}"
332935,76,2101350,Bacurituba,MA,,640733,bacurituba,BR-MA-Bacurituba,98,"{""area_sr"": 0.05477, ""area_km2"": 673, ""fat_deg_m"": 0.0000090, ""population"": {""ref"": ""IBGE"", ""date"": ""2021-07-01"", ""method"": ""estimate"", ""population"": 5696}, ""side_estim_km"": 26, ""side_estim_deg"": 0.234, ""elongation_factor"": 1.77, ""postalCode_ranges"": ""[65233-000 65234-999]"", ""shares_border_with"": [""BR-MA-Alcantara"", ""BR-MA-Cajapio"", ""BR-MA-PeriMirim"", ""BR-MA-SaoBento"", ""BR-MA-SaoLuis""]}"
332875,76,2101400,Balsas,MA,BLA,1813001,balsas,BR-MA-Balsas,99,"{""area_sr"": 1.07874, ""area_km2"": 13144, ""fat_deg_m"": 0.0000091, ""population"": {""ref"": ""IBGE"", ""date"": ""2021-07-01"", ""method"": ""estimate"", ""population"": 96951}, ""side_estim_km"": 114.6, ""side_estim_deg"": 1.0386, ""elongation_factor"": 2.93, ""postalCode_ranges"": ""[65800-000 65804-999]"", ""shares_border_with"": [""BR-MA-AltoParnaiba"", ""BR-MA-FortalezaNogueiras"", ""BR-MA-NovaColinas"", ""BR-MA-Riachao"", ""BR-MA-Sambaiba"", ""BR-MA-SaoRaimundoMangabeiras"", ""BR-MA-TassoFragoso"", ""BR-TO-CamposLindos"", ""BR-TO-Lizarda"", ""BR-TO-Recursolandia""]}"
332984,76,2101608,"Barra do Corda",MA,BDC,1807301,barra.corda,BR-MA-BarraCorda,99,"{""area_sr"": 0.42463, ""area_km2"": 5203, ""fat_deg_m"": 0.0000090, ""population"": {""ref"": ""IBGE"", ""date"": ""2021-07-01"", ""method"": ""estimate"", ""population"": 88895}, ""side_estim_km"": 72.1, ""side_estim_deg"": 0.6516, ""elongation_factor"": 2.05, ""postalCode_ranges"": ""[65950-000 65961-999]"", ""shares_border_with"": [""BR-MA-FernandoFalcao"", ""BR-MA-Grajau"", ""BR-MA-ItaipavaGrajau"", ""BR-MA-JenipapoVieiras"", ""BR-MA-Joselandia"", ""BR-MA-SaoRaimundoDocaBezerra"", ""BR-MA-SaoRoberto"", ""BR-MA-Tuntum""]}"
332880,76,2101707,Barreirinhas,MA,BIH,2040600,barreirinhas,BR-MA-Barreirinhas,98,"{""area_sr"": 0.25485, ""area_km2"": 3133, ""fat_deg_m"": 0.0000090, ""population"": {""ref"": ""IBGE"", ""date"": ""2021-07-01"", ""method"": ""estimate"", ""population"": 63891}, ""side_estim_km"": 56, ""side_estim_deg"": 0.5048, ""elongation_factor"": 1.75, ""postalCode_ranges"": ""[65590-000 65599-999]"", ""shares_border_with"": [""BR-MA-Belagua"", ""BR-MA-PaulinoNeves"", ""BR-MA-PrimeiraCruz"", ""BR-MA-SantaQuiteriaMaranhao"", ""BR-MA-SantanaMaranhao"", ""BR-MA-SantoAmaroMaranhao""]}"
332932,76,2101509,"Barão de Grajaú",MA,BJU,591015,barao.grajau,BR-MA-BaraoGrajau,99,"{""area_sr"": 0.18381, ""area_km2"": 2248, ""fat_deg_m"": 0.0000090, ""population"": {""ref"": ""IBGE"", ""date"": ""2021-07-01"", ""method"": ""estimate"", ""population"": 19026}, ""side_estim_km"": 47.4, ""side_estim_deg"": 0.4287, ""elongation_factor"": 1.33, ""postalCode_ranges"": ""[65660-000 65664-999]"", ""shares_border_with"": [""BR-MA-SaoFranciscoMaranhao"", ""BR-MA-SaoJoaoPatos"", ""BR-MA-SucupiraRiachao"", ""BR-PI-Amarante"", ""BR-PI-Floriano"", ""BR-PI-Jerumenha""]}"
332848,76,2101772,"Bela Vista do Maranhão",MA,,2013283,bela.vista.maranhao,BR-MA-BelaVistaMaranhao,98,"{""area_sr"": 0.02084, ""area_km2"": 256, ""fat_deg_m"": 0.0000090, ""population"": {""ref"": ""IBGE"", ""date"": ""2021-07-01"", ""method"": ""estimate"", ""population"": 11347}, ""side_estim_km"": 16, ""side_estim_deg"": 0.1444, ""elongation_factor"": 2.2, ""postalCode_ranges"": ""[65335-000 65339-999]"", ""shares_border_with"": [""BR-MA-IgarapeMeio"", ""BR-MA-Moncao"", ""BR-MA-SantaInes"", ""BR-MA-Satubinha"", ""BR-MA-VitorinoFreire""]}"
332872,76,2101731,Belágua,MA,,2013308,belagua,BR-MA-Belagua,98,"{""area_sr"": 0.04045, ""area_km2"": 497, ""fat_deg_m"": 0.0000090, ""population"": {""ref"": ""IBGE"", ""date"": ""2021-07-01"", ""method"": ""estimate"", ""population"": 7586}, ""side_estim_km"": 22.3, ""side_estim_deg"": 0.2011, ""elongation_factor"": 2.01, ""postalCode_ranges"": ""[65535-000 65539-999]"", ""shares_border_with"": [""BR-MA-Barreirinhas"", ""BR-MA-HumbertoCampos"", ""BR-MA-Morros"", ""BR-MA-PrimeiraCruz"", ""BR-MA-SantaQuiteriaMaranhao"", ""BR-MA-SaoBeneditoRioPreto"", ""BR-MA-UrbanoSantos""]}"
332827,76,2101806,"Benedito Leite",MA,BED,2068847,benedito.leite,BR-MA-BeneditoLeite,99,"{""area_sr"": 0.14614, ""area_km2"": 1785, ""fat_deg_m"": 0.0000090, ""population"": {""ref"": ""IBGE"", ""date"": ""2021-07-01"", ""method"": ""estimate"", ""population"": 5643}, ""side_estim_km"": 42.3, ""side_estim_deg"": 0.3823, ""elongation_factor"": 2.78, ""postalCode_ranges"": ""[65885-000 65887-999]"", ""shares_border_with"": [""BR-MA-NovaIorque"", ""BR-MA-PastosBons"", ""BR-MA-SaoDomingosAzeitao"", ""BR-MA-SaoFelixBalsas"", ""BR-PI-AntonioAlmeida"", ""BR-PI-PortoAlegrePiaui"", ""BR-PI-RibeiroGoncalves"", ""BR-PI-Urucui""]}"
332798,76,2101905,Bequimão,MA,BEQ,2068952,bequimao,BR-MA-Bequimao,98,"{""area_sr"": 0.06261, ""area_km2"": 770, ""fat_deg_m"": 0.0000090, ""population"": {""ref"": ""IBGE"", ""date"": ""2021-07-01"", ""method"": ""estimate"", ""population"": 21317}, ""side_estim_km"": 27.7, ""side_estim_deg"": 0.2502, ""elongation_factor"": 1.65, ""postalCode_ranges"": ""[65248-000 65249-999]"", ""shares_border_with"": [""BR-MA-Alcantara"", ""BR-MA-CentralMaranhao"", ""BR-MA-Guimaraes"", ""BR-MA-PeriMirim"", ""BR-MA-Pinheiro""]}"
332980,76,2101939,"Bernardo do Mearim",MA,,2008013,bernardo.mearim,BR-MA-BernardoMearim,99,"{""area_sr"": 0.02124, ""area_km2"": 261, ""fat_deg_m"": 0.0000090, ""population"": {""ref"": ""IBGE"", ""date"": ""2021-07-01"", ""method"": ""estimate"", ""population"": 6102}, ""side_estim_km"": 16.1, ""side_estim_deg"": 0.1458, ""elongation_factor"": 2.05, ""postalCode_ranges"": ""[65723-000 65724-999]"", ""shares_border_with"": [""BR-MA-IgarapeGrande"", ""BR-MA-Pedreiras"", ""BR-MA-PocaoPedras"", ""BR-MA-TrizidelaVale""]}"
332974,76,2101970,"Boa Vista do Gurupi",MA,,2068253,boa.vista.gurupi,BR-MA-BoaVistaGurupi,98,"{""area_sr"": 0.03278, ""area_km2"": 403, ""fat_deg_m"": 0.0000090, ""population"": {""ref"": ""IBGE"", ""date"": ""2021-07-01"", ""method"": ""estimate"", ""population"": 8494}, ""side_estim_km"": 20.1, ""side_estim_deg"": 0.181, ""elongation_factor"": 1.95, ""postalCode_ranges"": ""[65292-000 65292-999]"", ""shares_border_with"": [""BR-MA-Carutapera"", ""BR-MA-JuncoMaranhao"", ""BR-PA-CachoeiraPiria"", ""BR-PA-Viseu""]}"
332916,76,2102002,"Bom Jardim",MA,BOJ,2279959,bom.jardim,BR-MA-BomJardim,98,"{""area_sr"": 0.53641, ""area_km2"": 6588, ""fat_deg_m"": 0.0000090, ""population"": {""ref"": ""IBGE"", ""date"": ""2021-07-01"", ""method"": ""estimate"", ""population"": 42010}, ""side_estim_km"": 81.2, ""side_estim_deg"": 0.7324, ""elongation_factor"": 2.92, ""postalCode_ranges"": ""[65380-000 65384-999]"", ""shares_border_with"": [""BR-MA-Acailandia"", ""BR-MA-AltoAlegrePindare"", ""BR-MA-BomJesusSelvas"", ""BR-MA-Buriticupu"", ""BR-MA-CentroNovoMaranhao"", ""BR-MA-GovernadorNewtonBello"", ""BR-MA-ItingaMaranhao"", ""BR-MA-Moncao"", ""BR-MA-PindareMirim"", ""BR-MA-SaoJoaoCaru"", ""BR-MA-Tufilandia""]}"
332942,76,2102036,"Bom Jesus das Selvas",MA,,2068303,bom.jesus.selvas,BR-MA-BomJesusSelvas,98,"{""area_sr"": 0.21814, ""area_km2"": 2677, ""fat_deg_m"": 0.0000090, ""population"": {""ref"": ""IBGE"", ""date"": ""2021-07-01"", ""method"": ""estimate"", ""population"": 35095}, ""side_estim_km"": 51.7, ""side_estim_deg"": 0.467, ""elongation_factor"": 1.49, ""postalCode_ranges"": ""[65395-000 65397-999]"", ""shares_border_with"": [""BR-MA-Acailandia"", ""BR-MA-AmaranteMaranhao"", ""BR-MA-BomJardim"", ""BR-MA-Buriticupu""]}"
332966,76,2102077,"Bom Lugar",MA,,2068928,bom.lugar,BR-MA-BomLugar,99,"{""area_sr"": 0.03632, ""area_km2"": 446, ""fat_deg_m"": 0.0000090, ""population"": {""ref"": ""IBGE"", ""date"": ""2021-07-01"", ""method"": ""estimate"", ""population"": 16578}, ""side_estim_km"": 21.1, ""side_estim_deg"": 0.1906, ""elongation_factor"": 2.49, ""postalCode_ranges"": ""[65704-000 65704-999]"", ""shares_border_with"": [""BR-MA-Bacabal"", ""BR-MA-LagoJunco"", ""BR-MA-LagoPedra"", ""BR-MA-OlhoAguaCunhas"", ""BR-MA-PauloRamos"", ""BR-MA-SaoLuisGonzagaMaranhao"", ""BR-MA-VitorinoFreire""]}"
332972,76,2102101,Brejo,MA,BRJ,659888,brejo,BR-MA-Brejo,98,"{""area_sr"": 0.08731, ""area_km2"": 1073, ""fat_deg_m"": 0.0000090, ""population"": {""ref"": ""IBGE"", ""date"": ""2021-07-01"", ""method"": ""estimate"", ""population"": 36900}, ""side_estim_km"": 32.8, ""side_estim_deg"": 0.2955, ""elongation_factor"": 1.07, ""postalCode_ranges"": ""[65520-000 65524-999]"", ""shares_border_with"": [""BR-MA-Anapurus"", ""BR-MA-Buriti"", ""BR-MA-MilagresMaranhao"", ""BR-PI-CampoLargoPiaui"", ""BR-PI-MatiasOlimpio"", ""BR-PI-Porto""]}"
332791,76,2102150,"Brejo de Areia",MA,,2068871,brejo.areia,BR-MA-BrejoAreia,98,"{""area_sr"": 0.02935, ""area_km2"": 360, ""fat_deg_m"": 0.0000090, ""population"": {""ref"": ""IBGE"", ""date"": ""2021-07-01"", ""method"": ""estimate"", ""population"": 8841}, ""side_estim_km"": 19, ""side_estim_deg"": 0.1713, ""elongation_factor"": 2.6, ""postalCode_ranges"": ""[65315-000 65319-999]"", ""shares_border_with"": [""BR-MA-AltamiraMaranhao"", ""BR-MA-PauloRamos"", ""BR-MA-SantaLuzia"", ""BR-MA-VitorinoFreire""]}"
332779,76,2102200,Buriti,MA,BUI,2135872,buriti,BR-MA-Buriti,98,"{""area_sr"": 0.12003, ""area_km2"": 1474, ""fat_deg_m"": 0.0000090, ""population"": {""ref"": ""IBGE"", ""date"": ""2021-07-01"", ""method"": ""estimate"", ""population"": 28916}, ""side_estim_km"": 38.4, ""side_estim_deg"": 0.3465, ""elongation_factor"": 0.99, ""postalCode_ranges"": ""[65515-000 65519-999]"", ""shares_border_with"": [""BR-MA-Anapurus"", ""BR-MA-Brejo"", ""BR-MA-Chapadinha"", ""BR-MA-CoelhoNeto"", ""BR-MA-DuqueBacelar"", ""BR-MA-MataRoma"", ""BR-PI-MiguelAlves"", ""BR-PI-Porto""]}"
332867,76,2102309,"Buriti Bravo",MA,BBV,2013234,buriti.bravo,BR-MA-BuritiBravo,99,"{""area_sr"": 0.12902, ""area_km2"": 1580, ""fat_deg_m"": 0.0000090, ""population"": {""ref"": ""IBGE"", ""date"": ""2021-07-01"", ""method"": ""estimate"", ""population"": 23993}, ""side_estim_km"": 39.8, ""side_estim_deg"": 0.3592, ""elongation_factor"": 1.66, ""postalCode_ranges"": ""[65685-000 65689-999]"", ""shares_border_with"": [""BR-MA-Colinas"", ""BR-MA-Fortuna"", ""BR-MA-LagoaMato"", ""BR-MA-Parnarama"", ""BR-MA-PassagemFranca""]}"
332852,76,2102325,Buriticupu,MA,,2013248,buriticupu,BR-MA-Buriticupu,98,"{""area_sr"": 0.20771, ""area_km2"": 2549, ""fat_deg_m"": 0.0000090, ""population"": {""ref"": ""IBGE"", ""date"": ""2021-07-01"", ""method"": ""estimate"", ""population"": 73595}, ""side_estim_km"": 50.5, ""side_estim_deg"": 0.4557, ""elongation_factor"": 2.02, ""postalCode_ranges"": ""[65393-000 65394-999]"", ""shares_border_with"": [""BR-MA-AltoAlegrePindare"", ""BR-MA-AmaranteMaranhao"", ""BR-MA-BomJardim"", ""BR-MA-BomJesusSelvas"", ""BR-MA-SantaLuzia""]}"
332888,76,2102358,Buritirana,MA,,2013324,buritirana,BR-MA-Buritirana,99,"{""area_sr"": 0.06678, ""area_km2"": 818, ""fat_deg_m"": 0.0000090, ""population"": {""ref"": ""IBGE"", ""date"": ""2021-07-01"", ""method"": ""estimate"", ""population"": 15503}, ""side_estim_km"": 28.6, ""side_estim_deg"": 0.2584, ""elongation_factor"": 1.51, ""postalCode_ranges"": ""[65935-500 65935-999]"", ""shares_border_with"": [""BR-MA-AmaranteMaranhao"", ""BR-MA-Davinopolis"", ""BR-MA-GovernadorEdisonLobao"", ""BR-MA-MontesAltos"", ""BR-MA-SenadorLaRocque""]}"
332951,76,2102374,"Cachoeira Grande",MA,,2013274,cachoeira.grande,BR-MA-CachoeiraGrande,98,"{""area_sr"": 0.05744, ""area_km2"": 706, ""fat_deg_m"": 0.0000090, ""population"": {""ref"": ""IBGE"", ""date"": ""2021-07-01"", ""method"": ""estimate"", ""population"": 9524}, ""side_estim_km"": 26.6, ""side_estim_deg"": 0.2397, ""elongation_factor"": 2.3, ""postalCode_ranges"": ""[65165-000 65169-999]"", ""shares_border_with"": [""BR-MA-Axixa"", ""BR-MA-Morros"", ""BR-MA-PresidenteJuscelino"", ""BR-MA-PresidenteVargas""]}"
332956,76,2102408,Cajapió,MA,CAJ,934637,cajapio,BR-MA-Cajapio,98,"{""area_sr"": 0.07376, ""area_km2"": 907, ""fat_deg_m"": 0.0000090, ""population"": {""ref"": ""IBGE"", ""date"": ""2021-07-01"", ""method"": ""estimate"", ""population"": 11255}, ""side_estim_km"": 30.1, ""side_estim_deg"": 0.2716, ""elongation_factor"": 1.68, ""postalCode_ranges"": ""[65230-000 65232-999]"", ""shares_border_with"": [""BR-MA-Anajatuba"", ""BR-MA-Bacabeira"", ""BR-MA-Bacurituba"", ""BR-MA-SantaRita"", ""BR-MA-SaoBento"", ""BR-MA-SaoJoaoBatista"", ""BR-MA-SaoLuis"", ""BR-MA-SaoVicenteFerrer""]}"
332804,76,2102507,Cajari,MA,CJI,510992,cajari,BR-MA-Cajari,98,"{""area_sr"": 0.05381, ""area_km2"": 661, ""fat_deg_m"": 0.0000090, ""population"": {""ref"": ""IBGE"", ""date"": ""2021-07-01"", ""method"": ""estimate"", ""population"": 19521}, ""side_estim_km"": 25.7, ""side_estim_deg"": 0.232, ""elongation_factor"": 2.93, ""postalCode_ranges"": ""[65210-000 65212-999]"", ""shares_border_with"": [""BR-MA-Arari"", ""BR-MA-IgarapeMeio"", ""BR-MA-Moncao"", ""BR-MA-Penalva"", ""BR-MA-Viana"", ""BR-MA-VitoriaMearim""]}"
332826,76,2102556,"Campestre do Maranhão",MA,,1122744,campestre.maranhao,BR-MA-CampestreMaranhao,99,"{""area_sr"": 0.04994, ""area_km2"": 611, ""fat_deg_m"": 0.0000090, ""population"": {""ref"": ""IBGE"", ""date"": ""2021-07-01"", ""method"": ""estimate"", ""population"": 14530}, ""side_estim_km"": 24.7, ""side_estim_deg"": 0.2235, ""elongation_factor"": 1.65, ""postalCode_ranges"": ""[65968-000 65969-999]"", ""shares_border_with"": [""BR-MA-LajeadoNovo"", ""BR-MA-PortoFranco"", ""BR-MA-RibamarFiquene"", ""BR-TO-Tocantinopolis""]}"
332943,76,2102705,Cantanhede,MA,CHX,2103724,cantanhede,BR-MA-Cantanhede,98,"{""area_sr"": 0.06287, ""area_km2"": 772, ""fat_deg_m"": 0.0000090, ""population"": {""ref"": ""IBGE"", ""date"": ""2021-07-01"", ""method"": ""estimate"", ""population"": 22236}, ""side_estim_km"": 27.8, ""side_estim_deg"": 0.2507, ""elongation_factor"": 2.03, ""postalCode_ranges"": ""[65465-000 65467-999]"", ""shares_border_with"": [""BR-MA-ItapecuruMirim"", ""BR-MA-MatoesNorte"", ""BR-MA-MirandaNorte"", ""BR-MA-Pirapemas"", ""BR-MA-VargemGrande""]}"
332815,76,2102754,"Capinzal do Norte",MA,,2068268,capinzal.norte,BR-MA-CapinzalNorte,99,"{""area_sr"": 0.04812, ""area_km2"": 590, ""fat_deg_m"": 0.0000090, ""population"": {""ref"": ""IBGE"", ""date"": ""2021-07-01"", ""method"": ""estimate"", ""population"": 10937}, ""side_estim_km"": 24.3, ""side_estim_deg"": 0.2194, ""elongation_factor"": 1.44, ""postalCode_ranges"": ""[65735-000 65739-999]"", ""shares_border_with"": [""BR-MA-Codo"", ""BR-MA-LimaCampos"", ""BR-MA-Peritoro"", ""BR-MA-SantoAntonioLopes""]}"
332955,76,2102804,Carolina,MA,CRN,651807,carolina,BR-MA-Carolina,99,"{""area_sr"": 0.52815, ""area_km2"": 6449, ""fat_deg_m"": 0.0000090, ""population"": {""ref"": ""IBGE"", ""date"": ""2021-07-01"", ""method"": ""estimate"", ""population"": 24151}, ""side_estim_km"": 80.3, ""side_estim_deg"": 0.7267, ""elongation_factor"": 2.86, ""postalCode_ranges"": ""[65980-000 65989-999]"", ""shares_border_with"": [""BR-MA-Estreito"", ""BR-MA-FeiraNovaMaranhao"", ""BR-MA-Riachao"", ""BR-MA-SaoPedroCrentes"", ""BR-TO-Babaculandia"", ""BR-TO-BarraOuro"", ""BR-TO-CamposLindos"", ""BR-TO-Darcinopolis"", ""BR-TO-Filadelfia"", ""BR-TO-Goiatins""]}"
332842,76,2102903,Carutapera,MA,CTP,2016480,carutapera,BR-MA-Carutapera,98,"{""area_sr"": 0.09925, ""area_km2"": 1221, ""fat_deg_m"": 0.0000090, ""population"": {""ref"": ""IBGE"", ""date"": ""2021-07-01"", ""method"": ""estimate"", ""population"": 24095}, ""side_estim_km"": 34.9, ""side_estim_deg"": 0.315, ""elongation_factor"": 5.64, ""postalCode_ranges"": ""[65295-000 65298-999]"", ""shares_border_with"": [""BR-MA-AmapaMaranhao"", ""BR-MA-BoaVistaGurupi"", ""BR-MA-JuncoMaranhao"", ""BR-MA-LuisDomingues"", ""BR-PA-Viseu""]}"
332983,76,2103000,Caxias,MA,CXS,997107,caxias,BR-MA-Caxias,99,"{""area_sr"": 0.42599, ""area_km2"": 5225, ""fat_deg_m"": 0.0000090, ""population"": {""ref"": ""IBGE"", ""date"": ""2021-07-01"", ""method"": ""estimate"", ""population"": 166159}, ""side_estim_km"": 72.3, ""side_estim_deg"": 0.6527, ""elongation_factor"": 2.21, ""postalCode_ranges"": ""[65600-001 65609-999]"", ""shares_border_with"": [""BR-MA-AldeiasAltas"", ""BR-MA-Codo"", ""BR-MA-CoelhoNeto"", ""BR-MA-Matoes"", ""BR-MA-Parnarama"", ""BR-MA-SaoJoaoSoter"", ""BR-MA-Timon"", ""BR-PI-Teresina"", ""BR-PI-Uniao""]}"
332878,76,2103109,Cedral,MA,CKA,2095187,cedral,BR-MA-Cedral,98,"{""area_sr"": 0.02338, ""area_km2"": 288, ""fat_deg_m"": 0.0000090, ""population"": {""ref"": ""IBGE"", ""date"": ""2021-07-01"", ""method"": ""estimate"", ""population"": 10711}, ""side_estim_km"": 17, ""side_estim_deg"": 0.1529, ""elongation_factor"": 2.61, ""postalCode_ranges"": ""[65260-000 65262-999]"", ""shares_border_with"": [""BR-MA-Guimaraes"", ""BR-MA-Mirinzal"", ""BR-MA-PortoRicoMaranhao""]}"
332922,76,2103125,"Central do Maranhão",MA,,2068312,central.maranhao,BR-MA-CentralMaranhao,98,"{""area_sr"": 0.02974, ""area_km2"": 366, ""fat_deg_m"": 0.0000090, ""population"": {""ref"": ""IBGE"", ""date"": ""2021-07-01"", ""method"": ""estimate"", ""population"": 8806}, ""side_estim_km"": 19.1, ""side_estim_deg"": 0.1725, ""elongation_factor"": 1.68, ""postalCode_ranges"": ""[65267-000 65267-999]"", ""shares_border_with"": [""BR-MA-Bequimao"", ""BR-MA-Guimaraes"", ""BR-MA-Mirinzal"", ""BR-MA-Pinheiro""]}"
332910,76,2103174,"Centro Novo do Maranhão",MA,,2013267,centro.novo.maranhao,BR-MA-CentroNovoMaranhao,98,"{""area_sr"": 0.67441, ""area_km2"": 8289, ""fat_deg_m"": 0.0000090, ""population"": {""ref"": ""IBGE"", ""date"": ""2021-07-01"", ""method"": ""estimate"", ""population"": 22056}, ""side_estim_km"": 91, ""side_estim_deg"": 0.8212, ""elongation_factor"": 3.27, ""postalCode_ranges"": ""[65299-000 65299-999]"", ""shares_border_with"": [""BR-MA-BomJardim"", ""BR-MA-CentroGuilherme"", ""BR-MA-ItingaMaranhao"", ""BR-MA-JuncoMaranhao"", ""BR-MA-Maracacume"", ""BR-MA-Maranhaozinho"", ""BR-MA-NovaOlindaMaranhao"", ""BR-MA-SaoJoaoCaru"", ""BR-MA-ZeDoca"", ""BR-PA-CachoeiraPiria"", ""BR-PA-NovaEsperancaPiria"", ""BR-PA-Paragominas"", ""BR-PA-Ulianopolis""]}"
332845,76,2103158,"Centro do Guilherme",MA,,2068246,centro.guilherme,BR-MA-CentroGuilherme,98,"{""area_sr"": 0.08734, ""area_km2"": 1074, ""fat_deg_m"": 0.0000090, ""population"": {""ref"": ""IBGE"", ""date"": ""2021-07-01"", ""method"": ""estimate"", ""population"": 13876}, ""side_estim_km"": 32.8, ""side_estim_deg"": 0.2955, ""elongation_factor"": 1.16, ""postalCode_ranges"": ""[65288-000 65288-999]"", ""shares_border_with"": [""BR-MA-CentroNovoMaranhao"", ""BR-MA-GovernadorNunesFreire"", ""BR-MA-Maracacume"", ""BR-MA-Maranhaozinho""]}"
332847,76,2103208,Chapadinha,MA,CHI,746060,chapadinha,BR-MA-Chapadinha,98,"{""area_sr"": 0.26479, ""area_km2"": 3252, ""fat_deg_m"": 0.0000090, ""population"": {""ref"": ""IBGE"", ""date"": ""2021-07-01"", ""method"": ""estimate"", ""population"": 80705}, ""side_estim_km"": 57, ""side_estim_deg"": 0.5146, ""elongation_factor"": 1.62, ""postalCode_ranges"": ""[65500-000 65504-999]"", ""shares_border_with"": [""BR-MA-AfonsoCunha"", ""BR-MA-Buriti"", ""BR-MA-Codo"", ""BR-MA-CoelhoNeto"", ""BR-MA-MataRoma"", ""BR-MA-SaoBeneditoRioPreto"", ""BR-MA-Timbiras"", ""BR-MA-UrbanoSantos"", ""BR-MA-VargemGrande""]}"
332786,76,2103257,Cidelândia,MA,,924546,cidelandia,BR-MA-Cidelandia,99,"{""area_sr"": 0.11942, ""area_km2"": 1464, ""fat_deg_m"": 0.0000090, ""population"": {""ref"": ""IBGE"", ""date"": ""2021-07-01"", ""method"": ""estimate"", ""population"": 14855}, ""side_estim_km"": 38.3, ""side_estim_deg"": 0.3456, ""elongation_factor"": 1.93, ""postalCode_ranges"": ""[65921-000 65921-999]"", ""shares_border_with"": [""BR-MA-Acailandia"", ""BR-MA-Imperatriz"", ""BR-MA-SaoFranciscoBrejao"", ""BR-MA-VilaNovaMartirios"", ""BR-PA-RondonPara"", ""BR-TO-Sampaio""]}"
332990,76,2103307,Codó,MA,CDO,2013225,codo,BR-MA-Codo,99,"{""area_sr"": 0.3552, ""area_km2"": 4358, ""fat_deg_m"": 0.0000090, ""population"": {""ref"": ""IBGE"", ""date"": ""2021-07-01"", ""method"": ""estimate"", ""population"": 123368}, ""side_estim_km"": 66, ""side_estim_deg"": 0.596, ""elongation_factor"": 2.28, ""postalCode_ranges"": ""[65400-000 65412-999]"", ""shares_border_with"": [""BR-MA-AldeiasAltas"", ""BR-MA-CapinzalNorte"", ""BR-MA-Caxias"", ""BR-MA-Chapadinha"", ""BR-MA-Coroata"", ""BR-MA-DomPedro"", ""BR-MA-GoncalvesDias"", ""BR-MA-GovernadorArcher"", ""BR-MA-Peritoro"", ""BR-MA-SantoAntonioLopes"", ""BR-MA-SaoJoaoSoter"", ""BR-MA-Timbiras""]}"
332979,76,2103406,"Coelho Neto",MA,CHT,2019296,coelho.neto,BR-MA-CoelhoNeto,98,"{""area_sr"": 0.07963, ""area_km2"": 978, ""fat_deg_m"": 0.0000090, ""population"": {""ref"": ""IBGE"", ""date"": ""2021-07-01"", ""method"": ""estimate"", ""population"": 49804}, ""side_estim_km"": 31.3, ""side_estim_deg"": 0.2822, ""elongation_factor"": 1.59, ""postalCode_ranges"": ""[65620-000 65624-999]"", ""shares_border_with"": [""BR-MA-AfonsoCunha"", ""BR-MA-AldeiasAltas"", ""BR-MA-Buriti"", ""BR-MA-Caxias"", ""BR-MA-Chapadinha"", ""BR-MA-DuqueBacelar"", ""BR-PI-MiguelAlves"", ""BR-PI-Uniao""]}"
332929,76,2103505,Colinas,MA,COS,369679,colinas,BR-MA-Colinas,99,"{""area_sr"": 0.16176, ""area_km2"": 1980, ""fat_deg_m"": 0.0000090, ""population"": {""ref"": ""IBGE"", ""date"": ""2021-07-01"", ""method"": ""estimate"", ""population"": 41443}, ""side_estim_km"": 44.5, ""side_estim_deg"": 0.4022, ""elongation_factor"": 2.3, ""postalCode_ranges"": ""[65690-000 65692-999]"", ""shares_border_with"": [""BR-MA-BuritiBravo"", ""BR-MA-Fortuna"", ""BR-MA-Jatoba"", ""BR-MA-Mirador"", ""BR-MA-Paraibano"", ""BR-MA-PassagemFranca"", ""BR-MA-SaoDomingosMaranhao"", ""BR-MA-SucupiraNorte"", ""BR-MA-Tuntum""]}"
332891,76,2103554,"Conceição do Lago-Açu",MA,,2012506,conceicao.lago.acu,BR-MA-ConceicaoLagoAcu,98,"{""area_sr"": 0.05941, ""area_km2"": 730, ""fat_deg_m"": 0.0000090, ""population"": {""ref"": ""IBGE"", ""date"": ""2021-07-01"", ""method"": ""estimate"", ""population"": 16559}, ""side_estim_km"": 27, ""side_estim_deg"": 0.2437, ""elongation_factor"": 2.46, ""postalCode_ranges"": ""[65340-000 65344-999]"", ""shares_border_with"": [""BR-MA-Arari"", ""BR-MA-LagoVerde"", ""BR-MA-MatoesNorte"", ""BR-MA-PioXii"", ""BR-MA-SaoMateusMaranhao"", ""BR-MA-VitoriaMearim""]}"
332856,76,2103604,Coroatá,MA,COR,967552,coroata,BR-MA-Coroata,99,"{""area_sr"": 0.18438, ""area_km2"": 2264, ""fat_deg_m"": 0.0000090, ""population"": {""ref"": ""IBGE"", ""date"": ""2021-07-01"", ""method"": ""estimate"", ""population"": 65788}, ""side_estim_km"": 47.6, ""side_estim_deg"": 0.4294, ""elongation_factor"": 2.12, ""postalCode_ranges"": ""[65415-000 65417-999]"", ""shares_border_with"": [""BR-MA-AltoAlegreMaranhao"", ""BR-MA-Codo"", ""BR-MA-Peritoro"", ""BR-MA-Pirapemas"", ""BR-MA-SaoMateusMaranhao"", ""BR-MA-Timbiras"", ""BR-MA-VargemGrande""]}"
332838,76,2103703,Cururupu,MA,CUR,1886395,cururupu,BR-MA-Cururupu,98,"{""area_sr"": 0.0963, ""area_km2"": 1185, ""fat_deg_m"": 0.0000090, ""population"": {""ref"": ""IBGE"", ""date"": ""2021-07-01"", ""method"": ""estimate"", ""population"": 32559}, ""side_estim_km"": 34.4, ""side_estim_deg"": 0.3103, ""elongation_factor"": 10.92, ""postalCode_ranges"": ""[65268-000 65268-999]"", ""shares_border_with"": [""BR-MA-ApicumAcu"", ""BR-MA-Bacuri"", ""BR-MA-Mirinzal"", ""BR-MA-PortoRicoMaranhao"", ""BR-MA-SerranoMaranhao""]}"
332981,76,2102606,"Cândido Mendes",MA,CDN,2068838,candido.mendes,BR-MA-CandidoMendes,98,"{""area_sr"": 0.13055, ""area_km2"": 1606, ""fat_deg_m"": 0.0000090, ""population"": {""ref"": ""IBGE"", ""date"": ""2021-07-01"", ""method"": ""estimate"", ""population"": 20376}, ""side_estim_km"": 40.1, ""side_estim_deg"": 0.3613, ""elongation_factor"": 4.92, ""postalCode_ranges"": ""[65280-000 65282-999]"", ""shares_border_with"": [""BR-MA-AmapaMaranhao"", ""BR-MA-GodofredoViana"", ""BR-MA-GovernadorNunesFreire"", ""BR-MA-Maracacume"", ""BR-MA-Turiacu"", ""BR-MA-Turilandia""]}"
332817,76,2103752,Davinópolis,MA,,2105097,davinopolis,BR-MA-Davinopolis,99,"{""area_sr"": 0.02761, ""area_km2"": 338, ""fat_deg_m"": 0.0000090, ""population"": {""ref"": ""IBGE"", ""date"": ""2021-07-01"", ""method"": ""estimate"", ""population"": 12923}, ""side_estim_km"": 18.4, ""side_estim_deg"": 0.1662, ""elongation_factor"": 1.9, ""postalCode_ranges"": ""[65927-000 65927-999]"", ""shares_border_with"": [""BR-MA-Buritirana"", ""BR-MA-GovernadorEdisonLobao"", ""BR-MA-Imperatriz"", ""BR-MA-SenadorLaRocque""]}"
332776,76,2103802,"Dom Pedro",MA,,1823871,dom.pedro,BR-MA-DomPedro,99,"{""area_sr"": 0.02919, ""area_km2"": 358, ""fat_deg_m"": 0.0000090, ""population"": {""ref"": ""IBGE"", ""date"": ""2021-07-01"", ""method"": ""estimate"", ""population"": 23393}, ""side_estim_km"": 18.9, ""side_estim_deg"": 0.1709, ""elongation_factor"": 1.71, ""postalCode_ranges"": ""[65765-000 65767-999]"", ""shares_border_with"": [""BR-MA-Codo"", ""BR-MA-GovernadorArcher"", ""BR-MA-PresidenteDutra"", ""BR-MA-SantoAntonioLopes"", ""BR-MA-SaoJoseBasilios""]}"
332773,76,2103901,"Duque Bacelar",MA,DQR,646515,duque.bacelar,BR-MA-DuqueBacelar,98,"{""area_sr"": 0.02579, ""area_km2"": 317, ""fat_deg_m"": 0.0000090, ""population"": {""ref"": ""IBGE"", ""date"": ""2021-07-01"", ""method"": ""estimate"", ""population"": 11451}, ""side_estim_km"": 17.8, ""side_estim_deg"": 0.1606, ""elongation_factor"": 2.03, ""postalCode_ranges"": ""[65625-000 65629-999]"", ""shares_border_with"": [""BR-MA-Buriti"", ""BR-MA-CoelhoNeto"", ""BR-PI-MiguelAlves""]}"
332820,76,2104008,Esperantinópolis,MA,ESS,2013171,esperantinopolis,BR-MA-Esperantinopolis,99,"{""area_sr"": 0.03934, ""area_km2"": 483, ""fat_deg_m"": 0.0000090, ""population"": {""ref"": ""IBGE"", ""date"": ""2021-07-01"", ""method"": ""estimate"", ""population"": 16971}, ""side_estim_km"": 22, ""side_estim_deg"": 0.1983, ""elongation_factor"": 2.18, ""postalCode_ranges"": ""[65750-000 65752-999]"", ""shares_border_with"": [""BR-MA-Joselandia"", ""BR-MA-LagoPedra"", ""BR-MA-PocaoPedras"", ""BR-MA-SaoRoberto""]}"
332861,76,2104057,Estreito,MA,ETO,2068863,estreito,BR-MA-Estreito,99,"{""area_sr"": 0.22236, ""area_km2"": 2718, ""fat_deg_m"": 0.0000090, ""population"": {""ref"": ""IBGE"", ""date"": ""2021-07-01"", ""method"": ""estimate"", ""population"": 43097}, ""side_estim_km"": 52.1, ""side_estim_deg"": 0.4715, ""elongation_factor"": 1.7, ""postalCode_ranges"": ""[65975-000 65977-999]"", ""shares_border_with"": [""BR-MA-Carolina"", ""BR-MA-PortoFranco"", ""BR-MA-SaoJoaoParaiso"", ""BR-MA-SaoPedroCrentes"", ""BR-TO-Aguiarnopolis"", ""BR-TO-Darcinopolis"", ""BR-TO-PalmeirasTocantins""]}"
332839,76,2104073,"Feira Nova do Maranhão",MA,,2068274,feira.nova.maranhao,BR-MA-FeiraNovaMaranhao,99,"{""area_sr"": 0.12069, ""area_km2"": 1475, ""fat_deg_m"": 0.0000090, ""population"": {""ref"": ""IBGE"", ""date"": ""2021-07-01"", ""method"": ""estimate"", ""population"": 8506}, ""side_estim_km"": 38.4, ""side_estim_deg"": 0.3474, ""elongation_factor"": 1.5, ""postalCode_ranges"": ""[65995-000 65999-999]"", ""shares_border_with"": [""BR-MA-Carolina"", ""BR-MA-FortalezaNogueiras"", ""BR-MA-NovaColinas"", ""BR-MA-Riachao"", ""BR-MA-SaoPedroCrentes""]}"
332971,76,2104081,"Fernando Falcão",MA,,2068889,fernando.falcao,BR-MA-FernandoFalcao,99,"{""area_sr"": 0.41659, ""area_km2"": 5099, ""fat_deg_m"": 0.0000090, ""population"": {""ref"": ""IBGE"", ""date"": ""2021-07-01"", ""method"": ""estimate"", ""population"": 10559}, ""side_estim_km"": 71.4, ""side_estim_deg"": 0.6454, ""elongation_factor"": 1.96, ""postalCode_ranges"": ""[65964-000 65967-999]"", ""shares_border_with"": [""BR-MA-BarraCorda"", ""BR-MA-FormosaSerraNegra"", ""BR-MA-Grajau"", ""BR-MA-Mirador"", ""BR-MA-Tuntum""]}"
332941,76,2104099,"Formosa da Serra Negra",MA,,2068944,formosa.serra.negra,BR-MA-FormosaSerraNegra,99,"{""area_sr"": 0.32272, ""area_km2"": 3947, ""fat_deg_m"": 0.0000090, ""population"": {""ref"": ""IBGE"", ""date"": ""2021-07-01"", ""method"": ""estimate"", ""population"": 19425}, ""side_estim_km"": 62.8, ""side_estim_deg"": 0.5681, ""elongation_factor"": 1.32, ""postalCode_ranges"": ""[65943-000 65944-999]"", ""shares_border_with"": [""BR-MA-FernandoFalcao"", ""BR-MA-FortalezaNogueiras"", ""BR-MA-Grajau"", ""BR-MA-Mirador"", ""BR-MA-SaoPedroCrentes"", ""BR-MA-SaoRaimundoMangabeiras"", ""BR-MA-SitioNovo""]}"
332809,76,2104107,"Fortaleza dos Nogueiras",MA,FZG,2068880,fortaleza.nogueiras,BR-MA-FortalezaNogueiras,99,"{""area_sr"": 0.13628, ""area_km2"": 1665, ""fat_deg_m"": 0.0000090, ""population"": {""ref"": ""IBGE"", ""date"": ""2021-07-01"", ""method"": ""estimate"", ""population"": 12662}, ""side_estim_km"": 40.8, ""side_estim_deg"": 0.3692, ""elongation_factor"": 2.37, ""postalCode_ranges"": ""[65805-000 65807-999]"", ""shares_border_with"": [""BR-MA-Balsas"", ""BR-MA-FeiraNovaMaranhao"", ""BR-MA-FormosaSerraNegra"", ""BR-MA-NovaColinas"", ""BR-MA-SaoPedroCrentes"", ""BR-MA-SaoRaimundoMangabeiras""]}"
332802,76,2104206,Fortuna,MA,FUA,2034097,fortuna,BR-MA-Fortuna,99,"{""area_sr"": 0.05685, ""area_km2"": 696, ""fat_deg_m"": 0.0000090, ""population"": {""ref"": ""IBGE"", ""date"": ""2021-07-01"", ""method"": ""estimate"", ""population"": 17812}, ""side_estim_km"": 26.4, ""side_estim_deg"": 0.2384, ""elongation_factor"": 2.21, ""postalCode_ranges"": ""[65695-000 65699-999]"", ""shares_border_with"": [""BR-MA-BuritiBravo"", ""BR-MA-Colinas"", ""BR-MA-GovernadorEugenioBarros"", ""BR-MA-GovernadorLuizRocha"", ""BR-MA-Jatoba"", ""BR-MA-SaoDomingosMaranhao""]}"
332899,76,2104305,"Godofredo Viana",MA,GFV,939995,godofredo.viana,BR-MA-GodofredoViana,98,"{""area_sr"": 0.05301, ""area_km2"": 652, ""fat_deg_m"": 0.0000090, ""population"": {""ref"": ""IBGE"", ""date"": ""2021-07-01"", ""method"": ""estimate"", ""population"": 12104}, ""side_estim_km"": 25.5, ""side_estim_deg"": 0.2302, ""elongation_factor"": 5.93, ""postalCode_ranges"": ""[65285-000 65287-999]"", ""shares_border_with"": [""BR-MA-AmapaMaranhao"", ""BR-MA-CandidoMendes"", ""BR-MA-LuisDomingues""]}"
332885,76,2104404,"Gonçalves Dias",MA,GSD,14629944,goncalves.dias,BR-MA-GoncalvesDias,99,"{""area_sr"": 0.07202, ""area_km2"": 883, ""fat_deg_m"": 0.0000090, ""population"": {""ref"": ""IBGE"", ""date"": ""2021-07-01"", ""method"": ""estimate"", ""population"": 17953}, ""side_estim_km"": 29.7, ""side_estim_deg"": 0.2684, ""elongation_factor"": 1.51, ""postalCode_ranges"": ""[65775-000 65779-999]"", ""shares_border_with"": [""BR-MA-Codo"", ""BR-MA-GovernadorArcher"", ""BR-MA-GovernadorEugenioBarros"", ""BR-MA-GracaAranha"", ""BR-MA-PresidenteDutra"", ""BR-MA-SaoJoaoSoter"", ""BR-MA-SenadorAlexandreCosta""]}"
332876,76,2104503,"Governador Archer",MA,GHR,2012522,governador.archer,BR-MA-GovernadorArcher,99,"{""area_sr"": 0.03645, ""area_km2"": 447, ""fat_deg_m"": 0.0000090, ""population"": {""ref"": ""IBGE"", ""date"": ""2021-07-01"", ""method"": ""estimate"", ""population"": 10931}, ""side_estim_km"": 21.1, ""side_estim_deg"": 0.1909, ""elongation_factor"": 1.75, ""postalCode_ranges"": ""[65770-000 65774-999]"", ""shares_border_with"": [""BR-MA-Codo"", ""BR-MA-DomPedro"", ""BR-MA-GoncalvesDias"", ""BR-MA-PresidenteDutra""]}"
332957,76,2104552,"Governador Edison Lobão",MA,,2012559,governador.edison.lobao,BR-MA-GovernadorEdisonLobao,99,"{""area_sr"": 0.05013, ""area_km2"": 614, ""fat_deg_m"": 0.0000090, ""population"": {""ref"": ""IBGE"", ""date"": ""2021-07-01"", ""method"": ""estimate"", ""population"": 18740}, ""side_estim_km"": 24.8, ""side_estim_deg"": 0.2239, ""elongation_factor"": 2.02, ""postalCode_ranges"": ""[65928-000 65928-999]"", ""shares_border_with"": [""BR-MA-Buritirana"", ""BR-MA-Davinopolis"", ""BR-MA-Imperatriz"", ""BR-MA-MontesAltos"", ""BR-MA-RibamarFiquene"", ""BR-TO-Itaguatins"", ""BR-TO-SaoMiguelTocantins""]}"
332772,76,2104602,"Governador Eugênio Barros",MA,GGB,2068814,governador.eugenio.barros,BR-MA-GovernadorEugenioBarros,99,"{""area_sr"": 0.06665, ""area_km2"": 817, ""fat_deg_m"": 0.0000090, ""population"": {""ref"": ""IBGE"", ""date"": ""2021-07-01"", ""method"": ""estimate"", ""population"": 14703}, ""side_estim_km"": 28.6, ""side_estim_deg"": 0.2582, ""elongation_factor"": 2.19, ""postalCode_ranges"": ""[65780-000 65782-999]"", ""shares_border_with"": [""BR-MA-Fortuna"", ""BR-MA-GoncalvesDias"", ""BR-MA-GovernadorLuizRocha"", ""BR-MA-GracaAranha"", ""BR-MA-Parnarama"", ""BR-MA-SenadorAlexandreCosta""]}"
332780,76,2104628,"Governador Luiz Rocha",MA,,432254,governador.luiz.rocha,BR-MA-GovernadorLuizRocha,99,"{""area_sr"": 0.03044, ""area_km2"": 373, ""fat_deg_m"": 0.0000090, ""population"": {""ref"": ""IBGE"", ""date"": ""2021-07-01"", ""method"": ""estimate"", ""population"": 7878}, ""side_estim_km"": 19.3, ""side_estim_deg"": 0.1745, ""elongation_factor"": 2.46, ""postalCode_ranges"": ""[65795-000 65799-999]"", ""shares_border_with"": [""BR-MA-Fortuna"", ""BR-MA-GovernadorEugenioBarros"", ""BR-MA-GracaAranha"", ""BR-MA-SaoDomingosMaranhao""]}"
332799,76,2104651,"Governador Newton Bello",MA,,2068907,governador.newton.bello,BR-MA-GovernadorNewtonBello,98,"{""area_sr"": 0.09457, ""area_km2"": 1162, ""fat_deg_m"": 0.0000090, ""population"": {""ref"": ""IBGE"", ""date"": ""2021-07-01"", ""method"": ""estimate"", ""population"": 10121}, ""side_estim_km"": 34.1, ""side_estim_deg"": 0.3075, ""elongation_factor"": 2.67, ""postalCode_ranges"": ""[65363-000 65364-999]"", ""shares_border_with"": [""BR-MA-BomJardim"", ""BR-MA-Moncao"", ""BR-MA-SaoJoaoCaru"", ""BR-MA-ZeDoca""]}"
332828,76,2104677,"Governador Nunes Freire",MA,,2068296,governador.nunes.freire,BR-MA-GovernadorNunesFreire,98,"{""area_sr"": 0.08412, ""area_km2"": 1035, ""fat_deg_m"": 0.0000090, ""population"": {""ref"": ""IBGE"", ""date"": ""2021-07-01"", ""method"": ""estimate"", ""population"": 25502}, ""side_estim_km"": 32.2, ""side_estim_deg"": 0.29, ""elongation_factor"": 1.84, ""postalCode_ranges"": ""[65284-000 65284-999]"", ""shares_border_with"": [""BR-MA-CandidoMendes"", ""BR-MA-CentroGuilherme"", ""BR-MA-Maracacume"", ""BR-MA-Maranhaozinho"", ""BR-MA-PresidenteMedici"", ""BR-MA-Turilandia""]}"
332843,76,2104800,Grajaú,MA,GJU,2043418,grajau,BR-MA-Grajau,99,"{""area_sr"": 0.72164, ""area_km2"": 8838, ""fat_deg_m"": 0.0000090, ""population"": {""ref"": ""IBGE"", ""date"": ""2021-07-01"", ""method"": ""estimate"", ""population"": 70692}, ""side_estim_km"": 94, ""side_estim_deg"": 0.8495, ""elongation_factor"": 1.61, ""postalCode_ranges"": ""[65940-000 65942-999]"", ""shares_border_with"": [""BR-MA-AmaranteMaranhao"", ""BR-MA-Arame"", ""BR-MA-BarraCorda"", ""BR-MA-FernandoFalcao"", ""BR-MA-FormosaSerraNegra"", ""BR-MA-ItaipavaGrajau"", ""BR-MA-JenipapoVieiras"", ""BR-MA-SitioNovo""]}"
332837,76,2104701,"Graça Aranha",MA,GNH,2082297,graca.aranha,BR-MA-GracaAranha,99,"{""area_sr"": 0.02218, ""area_km2"": 272, ""fat_deg_m"": 0.0000090, ""population"": {""ref"": ""IBGE"", ""date"": ""2021-07-01"", ""method"": ""estimate"", ""population"": 6261}, ""side_estim_km"": 16.5, ""side_estim_deg"": 0.1489, ""elongation_factor"": 1.99, ""postalCode_ranges"": ""[65785-000 65789-999]"", ""shares_border_with"": [""BR-MA-GoncalvesDias"", ""BR-MA-GovernadorEugenioBarros"", ""BR-MA-GovernadorLuizRocha"", ""BR-MA-PresidenteDutra"", ""BR-MA-SaoDomingosMaranhao""]}"
332858,76,2104909,Guimarães,MA,GIM,2101408,guimaraes,BR-MA-Guimaraes,98,"{""area_sr"": 0.04844, ""area_km2"": 596, ""fat_deg_m"": 0.0000090, ""population"": {""ref"": ""IBGE"", ""date"": ""2021-07-01"", ""method"": ""estimate"", ""population"": 11966}, ""side_estim_km"": 24.4, ""side_estim_deg"": 0.2201, ""elongation_factor"": 1.94, ""postalCode_ranges"": ""[65255-000 65259-999]"", ""shares_border_with"": [""BR-MA-Alcantara"", ""BR-MA-Bequimao"", ""BR-MA-Cedral"", ""BR-MA-CentralMaranhao"", ""BR-MA-Mirinzal""]}"
332893,76,2105005,"Humberto de Campos",MA,HCS,1814500,humberto.campos,BR-MA-HumbertoCampos,98,"{""area_sr"": 0.17341, ""area_km2"": 2132, ""fat_deg_m"": 0.0000090, ""population"": {""ref"": ""IBGE"", ""date"": ""2021-07-01"", ""method"": ""estimate"", ""population"": 29143}, ""side_estim_km"": 46.2, ""side_estim_deg"": 0.4164, ""elongation_factor"": 1.81, ""postalCode_ranges"": ""[65180-000 65189-999]"", ""shares_border_with"": [""BR-MA-Belagua"", ""BR-MA-Icatu"", ""BR-MA-Morros"", ""BR-MA-PrimeiraCruz""]}"
332912,76,2105104,Icatu,MA,ICT,2068290,icatu,BR-MA-Icatu,98,"{""area_sr"": 0.11777, ""area_km2"": 1448, ""fat_deg_m"": 0.0000090, ""population"": {""ref"": ""IBGE"", ""date"": ""2021-07-01"", ""method"": ""estimate"", ""population"": 27423}, ""side_estim_km"": 38.1, ""side_estim_deg"": 0.3432, ""elongation_factor"": 1.33, ""postalCode_ranges"": ""[65170-000 65179-999]"", ""shares_border_with"": [""BR-MA-Axixa"", ""BR-MA-HumbertoCampos"", ""BR-MA-Morros"", ""BR-MA-SaoJoseRibamar""]}"
332953,76,2105203,"Igarapé Grande",MA,IGG,2068280,igarape.grande,BR-MA-IgarapeGrande,99,"{""area_sr"": 0.03053, ""area_km2"": 375, ""fat_deg_m"": 0.0000090, ""population"": {""ref"": ""IBGE"", ""date"": ""2021-07-01"", ""method"": ""estimate"", ""population"": 11453}, ""side_estim_km"": 19.4, ""side_estim_deg"": 0.1747, ""elongation_factor"": 1.98, ""postalCode_ranges"": ""[65720-000 65722-999]"", ""shares_border_with"": [""BR-MA-BernardoMearim"", ""BR-MA-LagoJunco"", ""BR-MA-LagoRodrigues"", ""BR-MA-PocaoPedras"", ""BR-MA-SaoLuisGonzagaMaranhao"", ""BR-MA-TrizidelaVale""]}"
332949,76,2105153,"Igarapé do Meio",MA,,1832376,igarape.meio,BR-MA-IgarapeMeio,98,"{""area_sr"": 0.03005, ""area_km2"": 369, ""fat_deg_m"": 0.0000090, ""population"": {""ref"": ""IBGE"", ""date"": ""2021-07-01"", ""method"": ""estimate"", ""population"": 14470}, ""side_estim_km"": 19.2, ""side_estim_deg"": 0.1733, ""elongation_factor"": 1.75, ""postalCode_ranges"": ""[65345-000 65349-999]"", ""shares_border_with"": [""BR-MA-BelaVistaMaranhao"", ""BR-MA-Cajari"", ""BR-MA-Moncao"", ""BR-MA-PioXii"", ""BR-MA-Satubinha"", ""BR-MA-VitoriaMearim""]}"
332989,76,2105302,Imperatriz,MA,ITZ,504755,imperatriz,BR-MA-Imperatriz,99,"{""area_sr"": 0.11151, ""area_km2"": 1367, ""fat_deg_m"": 0.0000090, ""population"": {""ref"": ""IBGE"", ""date"": ""2021-07-01"", ""method"": ""estimate"", ""population"": 259980}, ""side_estim_km"": 37, ""side_estim_deg"": 0.3339, ""elongation_factor"": 2.14, ""postalCode_ranges"": ""[65900-001 65919-999]"", ""shares_border_with"": [""BR-MA-Cidelandia"", ""BR-MA-Davinopolis"", ""BR-MA-GovernadorEdisonLobao"", ""BR-MA-JoaoLisboa"", ""BR-MA-SaoFranciscoBrejao"", ""BR-MA-SenadorLaRocque"", ""BR-TO-PraiaNorte"", ""BR-TO-Sampaio"", ""BR-TO-SaoMiguelTocantins""]}"
332805,76,2105351,"Itaipava do Grajaú",MA,,2068260,itaipava.grajau,BR-MA-ItaipavaGrajau,99,"{""area_sr"": 0.10112, ""area_km2"": 1240, ""fat_deg_m"": 0.0000090, ""population"": {""ref"": ""IBGE"", ""date"": ""2021-07-01"", ""method"": ""estimate"", ""population"": 16158}, ""side_estim_km"": 35.2, ""side_estim_deg"": 0.318, ""elongation_factor"": 3.33, ""postalCode_ranges"": ""[65948-000 65949-999]"", ""shares_border_with"": [""BR-MA-Arame"", ""BR-MA-BarraCorda"", ""BR-MA-Grajau"", ""BR-MA-JenipapoVieiras"", ""BR-MA-LagoaGrandeMaranhao"", ""BR-MA-SaoRaimundoDocaBezerra""]}"
332816,76,2105401,"Itapecuru Mirim",MA,ITI,2012733,itapecuru.mirim,BR-MA-ItapecuruMirim,98,"{""area_sr"": 0.11983, ""area_km2"": 1473, ""fat_deg_m"": 0.0000090, ""population"": {""ref"": ""IBGE"", ""date"": ""2021-07-01"", ""method"": ""estimate"", ""population"": 69233}, ""side_estim_km"": 38.4, ""side_estim_deg"": 0.3462, ""elongation_factor"": 1.96, ""postalCode_ranges"": ""[65485-000 65489-999]"", ""shares_border_with"": [""BR-MA-Anajatuba"", ""BR-MA-Cantanhede"", ""BR-MA-MirandaNorte"", ""BR-MA-PresidenteJuscelino"", ""BR-MA-PresidenteVargas"", ""BR-MA-SantaRita"", ""BR-MA-VargemGrande""]}"
332895,76,2105427,"Itinga do Maranhão",MA,,2012566,itinga.maranhao,BR-MA-ItingaMaranhao,99,"{""area_sr"": 0.29199, ""area_km2"": 3584, ""fat_deg_m"": 0.0000090, ""population"": {""ref"": ""IBGE"", ""date"": ""2021-07-01"", ""method"": ""estimate"", ""population"": 26134}, ""side_estim_km"": 59.9, ""side_estim_deg"": 0.5404, ""elongation_factor"": 2.75, ""postalCode_ranges"": ""[65939-000 65939-999]"", ""shares_border_with"": [""BR-MA-Acailandia"", ""BR-MA-BomJardim"", ""BR-MA-CentroNovoMaranhao"", ""BR-PA-DomEliseu"", ""BR-PA-Ulianopolis""]}"
332890,76,2105450,Jatobá,MA,,2103541,jatoba,BR-MA-Jatoba,99,"{""area_sr"": 0.04822, ""area_km2"": 591, ""fat_deg_m"": 0.0000090, ""population"": {""ref"": ""IBGE"", ""date"": ""2021-07-01"", ""method"": ""estimate"", ""population"": 10464}, ""side_estim_km"": 24.3, ""side_estim_deg"": 0.2196, ""elongation_factor"": 1.63, ""postalCode_ranges"": ""[65693-000 65694-999]"", ""shares_border_with"": [""BR-MA-Colinas"", ""BR-MA-Fortuna"", ""BR-MA-SaoDomingosMaranhao""]}"
332889,76,2105476,"Jenipapo dos Vieiras",MA,,781692,jenipapo.vieiras,BR-MA-JenipapoVieiras,99,"{""area_sr"": 0.15994, ""area_km2"": 1960, ""fat_deg_m"": 0.0000090, ""population"": {""ref"": ""IBGE"", ""date"": ""2021-07-01"", ""method"": ""estimate"", ""population"": 17123}, ""side_estim_km"": 44.3, ""side_estim_deg"": 0.3999, ""elongation_factor"": 2.08, ""postalCode_ranges"": ""[65962-000 65963-999]"", ""shares_border_with"": [""BR-MA-BarraCorda"", ""BR-MA-Grajau"", ""BR-MA-ItaipavaGrajau""]}"
332939,76,2105609,Joselândia,MA,JEL,2068225,joselandia,BR-MA-Joselandia,99,"{""area_sr"": 0.05554, ""area_km2"": 681, ""fat_deg_m"": 0.0000090, ""population"": {""ref"": ""IBGE"", ""date"": ""2021-07-01"", ""method"": ""estimate"", ""population"": 16228}, ""side_estim_km"": 26.1, ""side_estim_deg"": 0.2357, ""elongation_factor"": 2.22, ""postalCode_ranges"": ""[65755-000 65757-999]"", ""shares_border_with"": [""BR-MA-BarraCorda"", ""BR-MA-Esperantinopolis"", ""BR-MA-SaoJoseBasilios"", ""BR-MA-SaoRoberto"", ""BR-MA-Tuntum""]}"
332919,76,2105500,"João Lisboa",MA,JLI,1875142,joao.lisboa,BR-MA-JoaoLisboa,99,"{""area_sr"": 0.05183, ""area_km2"": 635, ""fat_deg_m"": 0.0000090, ""population"": {""ref"": ""IBGE"", ""date"": ""2021-07-01"", ""method"": ""estimate"", ""population"": 23677}, ""side_estim_km"": 25.2, ""side_estim_deg"": 0.2277, ""elongation_factor"": 3.33, ""postalCode_ranges"": ""[65922-000 65922-999]"", ""shares_border_with"": [""BR-MA-Acailandia"", ""BR-MA-AmaranteMaranhao"", ""BR-MA-Imperatriz"", ""BR-MA-SaoFranciscoBrejao"", ""BR-MA-SenadorLaRocque""]}"
332986,76,2105658,"Junco do Maranhão",MA,,2068232,junco.maranhao,BR-MA-JuncoMaranhao,98,"{""area_sr"": 0.04566, ""area_km2"": 562, ""fat_deg_m"": 0.0000090, ""population"": {""ref"": ""IBGE"", ""date"": ""2021-07-01"", ""method"": ""estimate"", ""population"": 4334}, ""side_estim_km"": 23.7, ""side_estim_deg"": 0.2137, ""elongation_factor"": 1.74, ""postalCode_ranges"": ""[65294-000 65294-999]"", ""shares_border_with"": [""BR-MA-AmapaMaranhao"", ""BR-MA-BoaVistaGurupi"", ""BR-MA-Carutapera"", ""BR-MA-CentroNovoMaranhao"", ""BR-MA-Maracacume"", ""BR-PA-CachoeiraPiria""]}"
332835,76,2105906,"Lago Verde",MA,LGV,2105837,lago.verde,BR-MA-LagoVerde,99,"{""area_sr"": 0.05115, ""area_km2"": 628, ""fat_deg_m"": 0.0000090, ""population"": {""ref"": ""IBGE"", ""date"": ""2021-07-01"", ""method"": ""estimate"", ""population"": 16369}, ""side_estim_km"": 25.1, ""side_estim_deg"": 0.2262, ""elongation_factor"": 2.16, ""postalCode_ranges"": ""[65705-000 65705-999]"", ""shares_border_with"": [""BR-MA-Bacabal"", ""BR-MA-ConceicaoLagoAcu"", ""BR-MA-OlhoAguaCunhas"", ""BR-MA-PioXii"", ""BR-MA-SaoMateusMaranhao""]}"
332851,76,2105708,"Lago da Pedra",MA,LGP,1008300,lago.pedra,BR-MA-LagoPedra,99,"{""area_sr"": 0.10101, ""area_km2"": 1239, ""fat_deg_m"": 0.0000090, ""population"": {""ref"": ""IBGE"", ""date"": ""2021-07-01"", ""method"": ""estimate"", ""population"": 50959}, ""side_estim_km"": 35.2, ""side_estim_deg"": 0.3178, ""elongation_factor"": 2.29, ""postalCode_ranges"": ""[65715-000 65715-999]"", ""shares_border_with"": [""BR-MA-BomLugar"", ""BR-MA-Esperantinopolis"", ""BR-MA-LagoJunco"", ""BR-MA-LagoaGrandeMaranhao"", ""BR-MA-MarajaSena"", ""BR-MA-PauloRamos"", ""BR-MA-PocaoPedras"", ""BR-MA-SaoRaimundoDocaBezerra"", ""BR-MA-SaoRoberto""]}"
332863,76,2105807,"Lago do Junco",MA,LGJ,927111,lago.junco,BR-MA-LagoJunco,99,"{""area_sr"": 0.0252, ""area_km2"": 309, ""fat_deg_m"": 0.0000090, ""population"": {""ref"": ""IBGE"", ""date"": ""2021-07-01"", ""method"": ""estimate"", ""population"": 10900}, ""side_estim_km"": 17.6, ""side_estim_deg"": 0.1587, ""elongation_factor"": 1.87, ""postalCode_ranges"": ""[65710-000 65711-999]"", ""shares_border_with"": [""BR-MA-BomLugar"", ""BR-MA-IgarapeGrande"", ""BR-MA-LagoPedra"", ""BR-MA-LagoRodrigues"", ""BR-MA-PocaoPedras"", ""BR-MA-SaoLuisGonzagaMaranhao""]}"
332811,76,2105948,"Lago dos Rodrigues",MA,,305180,lago.rodrigues,BR-MA-LagoRodrigues,99,"{""area_sr"": 0.01462, ""area_km2"": 179, ""fat_deg_m"": 0.0000090, ""population"": {""ref"": ""IBGE"", ""date"": ""2021-07-01"", ""method"": ""estimate"", ""population"": 8841}, ""side_estim_km"": 13.4, ""side_estim_deg"": 0.1209, ""elongation_factor"": 2.08, ""postalCode_ranges"": ""[65712-000 65713-999]"", ""shares_border_with"": [""BR-MA-IgarapeGrande"", ""BR-MA-LagoJunco"", ""BR-MA-PocaoPedras""]}"
332829,76,2105963,"Lagoa Grande do Maranhão",MA,,2012551,lagoa.grande.maranhao,BR-MA-LagoaGrandeMaranhao,99,"{""area_sr"": 0.06071, ""area_km2"": 745, ""fat_deg_m"": 0.0000090, ""population"": {""ref"": ""IBGE"", ""date"": ""2021-07-01"", ""method"": ""estimate"", ""population"": 11534}, ""side_estim_km"": 27.3, ""side_estim_deg"": 0.2464, ""elongation_factor"": 1.66, ""postalCode_ranges"": ""[65718-000 65719-999]"", ""shares_border_with"": [""BR-MA-Arame"", ""BR-MA-ItaipavaGrajau"", ""BR-MA-LagoPedra"", ""BR-MA-MarajaSena"", ""BR-MA-SaoRaimundoDocaBezerra""]}"
332813,76,2105922,"Lagoa do Mato",MA,,2012976,lagoa.mato,BR-MA-LagoaMato,99,"{""area_sr"": 0.13782, ""area_km2"": 1687, ""fat_deg_m"": 0.0000090, ""population"": {""ref"": ""IBGE"", ""date"": ""2021-07-01"", ""method"": ""estimate"", ""population"": 11280}, ""side_estim_km"": 41.1, ""side_estim_deg"": 0.3712, ""elongation_factor"": 1.99, ""postalCode_ranges"": ""[65683-000 65684-999]"", ""shares_border_with"": [""BR-MA-BuritiBravo"", ""BR-MA-Parnarama"", ""BR-MA-PassagemFranca"", ""BR-MA-SaoFranciscoMaranhao"", ""BR-MA-SucupiraRiachao""]}"
332987,76,2105989,"Lajeado Novo",MA,,930035,lajeado.novo,BR-MA-LajeadoNovo,99,"{""area_sr"": 0.08552, ""area_km2"": 1047, ""fat_deg_m"": 0.0000090, ""population"": {""ref"": ""IBGE"", ""date"": ""2021-07-01"", ""method"": ""estimate"", ""population"": 7653}, ""side_estim_km"": 32.4, ""side_estim_deg"": 0.2924, ""elongation_factor"": 2.28, ""postalCode_ranges"": ""[65937-000 65937-999]"", ""shares_border_with"": [""BR-MA-CampestreMaranhao"", ""BR-MA-MontesAltos"", ""BR-MA-PortoFranco"", ""BR-MA-RibamarFiquene"", ""BR-MA-SaoJoaoParaiso"", ""BR-MA-SitioNovo""]}"
332952,76,2106003,"Lima Campos",MA,LMS,2068220,lima.campos,BR-MA-LimaCampos,99,"{""area_sr"": 0.02623, ""area_km2"": 322, ""fat_deg_m"": 0.0000090, ""population"": {""ref"": ""IBGE"", ""date"": ""2021-07-01"", ""method"": ""estimate"", ""population"": 11943}, ""side_estim_km"": 17.9, ""side_estim_deg"": 0.162, ""elongation_factor"": 1.48, ""postalCode_ranges"": ""[65728-000 65729-999]"", ""shares_border_with"": [""BR-MA-CapinzalNorte"", ""BR-MA-Pedreiras"", ""BR-MA-Peritoro"", ""BR-MA-SantoAntonioLopes"", ""BR-MA-SaoLuisGonzagaMaranhao""]}"
332887,76,2106102,Loreto,MA,LOT,2103736,loreto,BR-MA-Loreto,99,"{""area_sr"": 0.29447, ""area_km2"": 3597, ""fat_deg_m"": 0.0000090, ""population"": {""ref"": ""IBGE"", ""date"": ""2021-07-01"", ""method"": ""estimate"", ""population"": 12271}, ""side_estim_km"": 60, ""side_estim_deg"": 0.5427, ""elongation_factor"": 2.05, ""postalCode_ranges"": ""[65895-000 65899-999]"", ""shares_border_with"": [""BR-MA-Mirador"", ""BR-MA-Sambaiba"", ""BR-MA-SaoFelixBalsas"", ""BR-PI-RibeiroGoncalves""]}"
332857,76,2106201,"Luís Domingues",MA,LDS,2068240,luis.domingues,BR-MA-LuisDomingues,98,"{""area_sr"": 0.03641, ""area_km2"": 448, ""fat_deg_m"": 0.0000090, ""population"": {""ref"": ""IBGE"", ""date"": ""2021-07-01"", ""method"": ""estimate"", ""population"": 7016}, ""side_estim_km"": 21.2, ""side_estim_deg"": 0.1908, ""elongation_factor"": 3.31, ""postalCode_ranges"": ""[65290-000 65291-999]"", ""shares_border_with"": [""BR-MA-AmapaMaranhao"", ""BR-MA-Carutapera"", ""BR-MA-GodofredoViana""]}"
332860,76,2106300,"Magalhães de Almeida",MA,MHA,2012532,magalhaes.almeida,BR-MA-MagalhaesAlmeida,98,"{""area_sr"": 0.03514, ""area_km2"": 432, ""fat_deg_m"": 0.0000090, ""population"": {""ref"": ""IBGE"", ""date"": ""2021-07-01"", ""method"": ""estimate"", ""population"": 20228}, ""side_estim_km"": 20.8, ""side_estim_deg"": 0.1875, ""elongation_factor"": 1.92, ""postalCode_ranges"": ""[65560-000 65569-999]"", ""shares_border_with"": [""BR-MA-Araioses"", ""BR-MA-SaoBernardo"", ""BR-PI-JoaquimPires"", ""BR-PI-Luzilandia"", ""BR-PI-MuriciPortelas""]}"
332862,76,2106326,Maracaçumé,MA,,2064676,maracacume,BR-MA-Maracacume,98,"{""area_sr"": 0.05112, ""area_km2"": 629, ""fat_deg_m"": 0.0000090, ""population"": {""ref"": ""IBGE"", ""date"": ""2021-07-01"", ""method"": ""estimate"", ""population"": 21773}, ""side_estim_km"": 25.1, ""side_estim_deg"": 0.2261, ""elongation_factor"": 2.08, ""postalCode_ranges"": ""[65289-000 65289-999]"", ""shares_border_with"": [""BR-MA-AmapaMaranhao"", ""BR-MA-CandidoMendes"", ""BR-MA-CentroGuilherme"", ""BR-MA-CentroNovoMaranhao"", ""BR-MA-GovernadorNunesFreire"", ""BR-MA-JuncoMaranhao""]}"
332846,76,2106359,"Marajá do Sena",MA,,743349,maraja.sena,BR-MA-MarajaSena,98,"{""area_sr"": 0.11816, ""area_km2"": 1450, ""fat_deg_m"": 0.0000090, ""population"": {""ref"": ""IBGE"", ""date"": ""2021-07-01"", ""method"": ""estimate"", ""population"": 7757}, ""side_estim_km"": 38.1, ""side_estim_deg"": 0.3437, ""elongation_factor"": 1.88, ""postalCode_ranges"": ""[65714-000 65714-999]"", ""shares_border_with"": [""BR-MA-Arame"", ""BR-MA-LagoPedra"", ""BR-MA-LagoaGrandeMaranhao"", ""BR-MA-PauloRamos"", ""BR-MA-SantaLuzia""]}"
332836,76,2106375,Maranhãozinho,MA,,1846576,maranhaozinho,BR-MA-Maranhaozinho,98,"{""area_sr"": 0.07895, ""area_km2"": 971, ""fat_deg_m"": 0.0000090, ""population"": {""ref"": ""IBGE"", ""date"": ""2021-07-01"", ""method"": ""estimate"", ""population"": 16754}, ""side_estim_km"": 31.2, ""side_estim_deg"": 0.281, ""elongation_factor"": 2.54, ""postalCode_ranges"": ""[65283-000 65283-999]"", ""shares_border_with"": [""BR-MA-CentroGuilherme"", ""BR-MA-CentroNovoMaranhao"", ""BR-MA-GovernadorNunesFreire"", ""BR-MA-NovaOlindaMaranhao"", ""BR-MA-PresidenteMedici"", ""BR-MA-SantaLuziaParua""]}"
332832,76,2106409,"Mata Roma",MA,MMA,2012544,mata.roma,BR-MA-MataRoma,98,"{""area_sr"": 0.04453, ""area_km2"": 547, ""fat_deg_m"": 0.0000090, ""population"": {""ref"": ""IBGE"", ""date"": ""2021-07-01"", ""method"": ""estimate"", ""population"": 17122}, ""side_estim_km"": 23.4, ""side_estim_deg"": 0.211, ""elongation_factor"": 1.74, ""postalCode_ranges"": ""[65510-000 65514-999]"", ""shares_border_with"": [""BR-MA-Anapurus"", ""BR-MA-Buriti"", ""BR-MA-Chapadinha"", ""BR-MA-UrbanoSantos""]}"
332797,76,2106508,Matinha,MA,MTA,1116758,matinha,BR-MA-Matinha,98,"{""area_sr"": 0.03329, ""area_km2"": 409, ""fat_deg_m"": 0.0000090, ""population"": {""ref"": ""IBGE"", ""date"": ""2021-07-01"", ""method"": ""estimate"", ""population"": 23591}, ""side_estim_km"": 20.2, ""side_estim_deg"": 0.1825, ""elongation_factor"": 2.74, ""postalCode_ranges"": ""[65218-000 65219-999]"", ""shares_border_with"": [""BR-MA-OlindaNovaMaranhao"", ""BR-MA-SaoJoaoBatista"", ""BR-MA-Viana""]}"
332777,76,2106607,Matões,MA,MTE,2012513,matoes,BR-MA-Matoes,99,"{""area_sr"": 0.15149, ""area_km2"": 1857, ""fat_deg_m"": 0.0000090, ""population"": {""ref"": ""IBGE"", ""date"": ""2021-07-01"", ""method"": ""estimate"", ""population"": 34099}, ""side_estim_km"": 43.1, ""side_estim_deg"": 0.3892, ""elongation_factor"": 1.89, ""postalCode_ranges"": ""[65645-000 65649-999]"", ""shares_border_with"": [""BR-MA-Caxias"", ""BR-MA-Parnarama"", ""BR-MA-Timon"", ""BR-PI-Nazaria"", ""BR-PI-Palmeirais""]}"
332963,76,2106631,"Matões do Norte",MA,,2013059,matoes.norte,BR-MA-MatoesNorte,98,"{""area_sr"": 0.06482, ""area_km2"": 796, ""fat_deg_m"": 0.0000090, ""population"": {""ref"": ""IBGE"", ""date"": ""2021-07-01"", ""method"": ""estimate"", ""population"": 17316}, ""side_estim_km"": 28.2, ""side_estim_deg"": 0.2546, ""elongation_factor"": 1.68, ""postalCode_ranges"": ""[65468-000 65469-999]"", ""shares_border_with"": [""BR-MA-Arari"", ""BR-MA-Cantanhede"", ""BR-MA-ConceicaoLagoAcu"", ""BR-MA-MirandaNorte"", ""BR-MA-Pirapemas"", ""BR-MA-SaoMateusMaranhao""]}"
332975,76,2106672,"Milagres do Maranhão",MA,,2013332,milagres.maranhao,BR-MA-MilagresMaranhao,98,"{""area_sr"": 0.05167, ""area_km2"": 635, ""fat_deg_m"": 0.0000090, ""population"": {""ref"": ""IBGE"", ""date"": ""2021-07-01"", ""method"": ""estimate"", ""population"": 8502}, ""side_estim_km"": 25.2, ""side_estim_deg"": 0.2273, ""elongation_factor"": 1.82, ""postalCode_ranges"": ""[65545-000 65549-999]"", ""shares_border_with"": [""BR-MA-Anapurus"", ""BR-MA-Brejo"", ""BR-MA-SantaQuiteriaMaranhao"", ""BR-PI-Madeiro"", ""BR-PI-MatiasOlimpio""]}"
332913,76,2106706,Mirador,MA,MDR,2089741,mirador,BR-MA-Mirador,99,"{""area_sr"": 0.68999, ""area_km2"": 8441, ""fat_deg_m"": 0.0000090, ""population"": {""ref"": ""IBGE"", ""date"": ""2021-07-01"", ""method"": ""estimate"", ""population"": 21045}, ""side_estim_km"": 91.9, ""side_estim_deg"": 0.8307, ""elongation_factor"": 2.11, ""postalCode_ranges"": ""[65850-000 65859-999]"", ""shares_border_with"": [""BR-MA-Colinas"", ""BR-MA-FernandoFalcao"", ""BR-MA-FormosaSerraNegra"", ""BR-MA-Loreto"", ""BR-MA-Sambaiba"", ""BR-MA-SaoDomingosAzeitao"", ""BR-MA-SaoFelixBalsas"", ""BR-MA-SaoRaimundoMangabeiras"", ""BR-MA-SucupiraNorte"", ""BR-MA-Tuntum""]}"
332894,76,2106755,"Miranda do Norte",MA,MIR,2066162,miranda.norte,BR-MA-MirandaNorte,98,"{""area_sr"": 0.02795, ""area_km2"": 343, ""fat_deg_m"": 0.0000090, ""population"": {""ref"": ""IBGE"", ""date"": ""2021-07-01"", ""method"": ""estimate"", ""population"": 29121}, ""side_estim_km"": 18.5, ""side_estim_deg"": 0.1672, ""elongation_factor"": 1.72, ""postalCode_ranges"": ""[65495-000 65499-999]"", ""shares_border_with"": [""BR-MA-Anajatuba"", ""BR-MA-Arari"", ""BR-MA-Cantanhede"", ""BR-MA-ItapecuruMirim"", ""BR-MA-MatoesNorte""]}"
332897,76,2106805,Mirinzal,MA,MRZ,2066198,mirinzal,BR-MA-Mirinzal,98,"{""area_sr"": 0.05592, ""area_km2"": 688, ""fat_deg_m"": 0.0000090, ""population"": {""ref"": ""IBGE"", ""date"": ""2021-07-01"", ""method"": ""estimate"", ""population"": 15059}, ""side_estim_km"": 26.2, ""side_estim_deg"": 0.2365, ""elongation_factor"": 1.9, ""postalCode_ranges"": ""[65265-000 65266-999]"", ""shares_border_with"": [""BR-MA-Cedral"", ""BR-MA-CentralMaranhao"", ""BR-MA-Cururupu"", ""BR-MA-Guimaraes"", ""BR-MA-Pinheiro"", ""BR-MA-PortoRicoMaranhao"", ""BR-MA-SerranoMaranhao""]}"
332854,76,2107001,"Montes Altos",MA,MNL,2012463,montes.altos,BR-MA-MontesAltos,99,"{""area_sr"": 0.12154, ""area_km2"": 1488, ""fat_deg_m"": 0.0000090, ""population"": {""ref"": ""IBGE"", ""date"": ""2021-07-01"", ""method"": ""estimate"", ""population"": 9064}, ""side_estim_km"": 38.6, ""side_estim_deg"": 0.3486, ""elongation_factor"": 2.22, ""postalCode_ranges"": ""[65936-000 65936-999]"", ""shares_border_with"": [""BR-MA-AmaranteMaranhao"", ""BR-MA-Buritirana"", ""BR-MA-GovernadorEdisonLobao"", ""BR-MA-LajeadoNovo"", ""BR-MA-RibamarFiquene"", ""BR-MA-SitioNovo""]}"
332831,76,2106904,Monção,MA,MNA,2103583,moncao,BR-MA-Moncao,98,"{""area_sr"": 0.10634, ""area_km2"": 1307, ""fat_deg_m"": 0.0000090, ""population"": {""ref"": ""IBGE"", ""date"": ""2021-07-01"", ""method"": ""estimate"", ""population"": 33888}, ""side_estim_km"": 36.1, ""side_estim_deg"": 0.3261, ""elongation_factor"": 2.47, ""postalCode_ranges"": ""[65360-000 65362-999]"", ""shares_border_with"": [""BR-MA-BelaVistaMaranhao"", ""BR-MA-BomJardim"", ""BR-MA-Cajari"", ""BR-MA-GovernadorNewtonBello"", ""BR-MA-IgarapeMeio"", ""BR-MA-PedroRosario"", ""BR-MA-Penalva"", ""BR-MA-PindareMirim"", ""BR-MA-SantaInes"", ""BR-MA-ZeDoca""]}"
332874,76,2107100,Morros,MA,MRX,301700,morros,BR-MA-Morros,98,"{""area_sr"": 0.13946, ""area_km2"": 1714, ""fat_deg_m"": 0.0000090, ""population"": {""ref"": ""IBGE"", ""date"": ""2021-07-01"", ""method"": ""estimate"", ""population"": 19708}, ""side_estim_km"": 41.4, ""side_estim_deg"": 0.3734, ""elongation_factor"": 2.01, ""postalCode_ranges"": ""[65160-000 65164-999]"", ""shares_border_with"": [""BR-MA-Axixa"", ""BR-MA-Belagua"", ""BR-MA-CachoeiraGrande"", ""BR-MA-HumbertoCampos"", ""BR-MA-Icatu"", ""BR-MA-NinaRodrigues"", ""BR-MA-PresidenteVargas"", ""BR-MA-SaoBeneditoRioPreto""]}"
332794,76,2107209,"Nina Rodrigues",MA,NNR,2020346,nina.rodrigues,BR-MA-NinaRodrigues,98,"{""area_sr"": 0.0465, ""area_km2"": 571, ""fat_deg_m"": 0.0000090, ""population"": {""ref"": ""IBGE"", ""date"": ""2021-07-01"", ""method"": ""estimate"", ""population"": 14826}, ""side_estim_km"": 23.9, ""side_estim_deg"": 0.2156, ""elongation_factor"": 2.66, ""postalCode_ranges"": ""[65450-000 65454-999]"", ""shares_border_with"": [""BR-MA-Morros"", ""BR-MA-PresidenteVargas"", ""BR-MA-SaoBeneditoRioPreto"", ""BR-MA-VargemGrande""]}"
332822,76,2107258,"Nova Colinas",MA,,2066151,nova.colinas,BR-MA-NovaColinas,99,"{""area_sr"": 0.06087, ""area_km2"": 744, ""fat_deg_m"": 0.0000090, ""population"": {""ref"": ""IBGE"", ""date"": ""2021-07-01"", ""method"": ""estimate"", ""population"": 5469}, ""side_estim_km"": 27.3, ""side_estim_deg"": 0.2467, ""elongation_factor"": 1.51, ""postalCode_ranges"": ""[65808-000 65809-999]"", ""shares_border_with"": [""BR-MA-Balsas"", ""BR-MA-FeiraNovaMaranhao"", ""BR-MA-FortalezaNogueiras"", ""BR-MA-Riachao""]}"
332810,76,2107308,"Nova Iorque",MA,NIQ,568168,nova.iorque,BR-MA-NovaIorque,99,"{""area_sr"": 0.08028, ""area_km2"": 982, ""fat_deg_m"": 0.0000090, ""population"": {""ref"": ""IBGE"", ""date"": ""2021-07-01"", ""method"": ""estimate"", ""population"": 4682}, ""side_estim_km"": 31.3, ""side_estim_deg"": 0.2833, ""elongation_factor"": 2.51, ""postalCode_ranges"": ""[65880-000 65884-999]"", ""shares_border_with"": [""BR-MA-BeneditoLeite"", ""BR-MA-PastosBons"", ""BR-MA-SaoJoaoPatos"", ""BR-PI-Guadalupe"", ""BR-PI-PortoAlegrePiaui""]}"
332947,76,2107357,"Nova Olinda do Maranhão",MA,,924503,nova.olinda.maranhao,BR-MA-NovaOlindaMaranhao,98,"{""area_sr"": 0.19802, ""area_km2"": 2434, ""fat_deg_m"": 0.0000090, ""population"": {""ref"": ""IBGE"", ""date"": ""2021-07-01"", ""method"": ""estimate"", ""population"": 21228}, ""side_estim_km"": 49.3, ""side_estim_deg"": 0.445, ""elongation_factor"": 2.43, ""postalCode_ranges"": ""[65274-000 65274-999]"", ""shares_border_with"": [""BR-MA-Araguana"", ""BR-MA-CentroNovoMaranhao"", ""BR-MA-Maranhaozinho"", ""BR-MA-SantaHelena"", ""BR-MA-SantaLuziaParua"", ""BR-MA-ZeDoca""]}"
332961,76,2107407,"Olho d'Água das Cunhãs",MA,,2066100,olho.agua.cunhas,BR-MA-OlhoAguaCunhas,98,"{""area_sr"": 0.05661, ""area_km2"": 695, ""fat_deg_m"": 0.0000090, ""population"": {""ref"": ""IBGE"", ""date"": ""2021-07-01"", ""method"": ""estimate"", ""population"": 19616}, ""side_estim_km"": 26.4, ""side_estim_deg"": 0.2379, ""elongation_factor"": 1.67, ""postalCode_ranges"": ""[65706-000 65706-999]"", ""shares_border_with"": [""BR-MA-BomLugar"", ""BR-MA-LagoVerde"", ""BR-MA-PioXii"", ""BR-MA-Satubinha"", ""BR-MA-VitorinoFreire""]}"
332976,76,2107456,"Olinda Nova do Maranhão",MA,,2065084,olinda.nova.maranhao,BR-MA-OlindaNovaMaranhao,98,"{""area_sr"": 0.01608, ""area_km2"": 198, ""fat_deg_m"": 0.0000090, ""population"": {""ref"": ""IBGE"", ""date"": ""2021-07-01"", ""method"": ""estimate"", ""population"": 14968}, ""side_estim_km"": 14.1, ""side_estim_deg"": 0.1268, ""elongation_factor"": 2.51, ""postalCode_ranges"": ""[65223-000 65224-999]"", ""shares_border_with"": [""BR-MA-Matinha"", ""BR-MA-SaoJoaoBatista"", ""BR-MA-SaoVicenteFerrer"", ""BR-MA-Viana""]}"
332909,76,2107605,Palmeirândia,MA,PMR,2064709,palmeirandia,BR-MA-Palmeirandia,98,"{""area_sr"": 0.04274, ""area_km2"": 525, ""fat_deg_m"": 0.0000090, ""population"": {""ref"": ""IBGE"", ""date"": ""2021-07-01"", ""method"": ""estimate"", ""population"": 19840}, ""side_estim_km"": 22.9, ""side_estim_deg"": 0.2067, ""elongation_factor"": 1.77, ""postalCode_ranges"": ""[65238-000 65244-999]"", ""shares_border_with"": [""BR-MA-PeriMirim"", ""BR-MA-Pinheiro"", ""BR-MA-SaoBento""]}"
332927,76,2107704,Paraibano,MA,PBO,2261140,paraibano,BR-MA-Paraibano,99,"{""area_sr"": 0.04342, ""area_km2"": 531, ""fat_deg_m"": 0.0000090, ""population"": {""ref"": ""IBGE"", ""date"": ""2021-07-01"", ""method"": ""estimate"", ""population"": 21571}, ""side_estim_km"": 23, ""side_estim_deg"": 0.2084, ""elongation_factor"": 1.28, ""postalCode_ranges"": ""[65670-000 65679-999]"", ""shares_border_with"": [""BR-MA-Colinas"", ""BR-MA-PassagemFranca"", ""BR-MA-PastosBons"", ""BR-MA-SaoJoaoPatos"", ""BR-MA-SucupiraNorte""]}"
332933,76,2107803,Parnarama,MA,PRM,2013043,parnarama,BR-MA-Parnarama,99,"{""area_sr"": 0.28529, ""area_km2"": 3495, ""fat_deg_m"": 0.0000090, ""population"": {""ref"": ""IBGE"", ""date"": ""2021-07-01"", ""method"": ""estimate"", ""population"": 35108}, ""side_estim_km"": 59.1, ""side_estim_deg"": 0.5341, ""elongation_factor"": 1.71, ""postalCode_ranges"": ""[65640-000 65644-999]"", ""shares_border_with"": [""BR-MA-BuritiBravo"", ""BR-MA-Caxias"", ""BR-MA-GovernadorEugenioBarros"", ""BR-MA-LagoaMato"", ""BR-MA-Matoes"", ""BR-MA-SaoFranciscoMaranhao"", ""BR-MA-SenadorAlexandreCosta"", ""BR-PI-Palmeirais""]}"
332931,76,2107902,"Passagem Franca",MA,PFC,2043365,passagem.franca,BR-MA-PassagemFranca,99,"{""area_sr"": 0.11093, ""area_km2"": 1358, ""fat_deg_m"": 0.0000090, ""population"": {""ref"": ""IBGE"", ""date"": ""2021-07-01"", ""method"": ""estimate"", ""population"": 19253}, ""side_estim_km"": 36.8, ""side_estim_deg"": 0.3331, ""elongation_factor"": 1.44, ""postalCode_ranges"": ""[65680-000 65682-999]"", ""shares_border_with"": [""BR-MA-BuritiBravo"", ""BR-MA-Colinas"", ""BR-MA-LagoaMato"", ""BR-MA-Paraibano"", ""BR-MA-SaoJoaoPatos""]}"
332840,76,2108009,"Pastos Bons",MA,PSN,2066090,pastos.bons,BR-MA-PastosBons,99,"{""area_sr"": 0.13385, ""area_km2"": 1637, ""fat_deg_m"": 0.0000090, ""population"": {""ref"": ""IBGE"", ""date"": ""2021-07-01"", ""method"": ""estimate"", ""population"": 19693}, ""side_estim_km"": 40.5, ""side_estim_deg"": 0.3659, ""elongation_factor"": 2.07, ""postalCode_ranges"": ""[65870-000 65879-999]"", ""shares_border_with"": [""BR-MA-BeneditoLeite"", ""BR-MA-NovaIorque"", ""BR-MA-Paraibano"", ""BR-MA-SaoDomingosAzeitao"", ""BR-MA-SaoJoaoPatos"", ""BR-MA-SucupiraNorte""]}"
332869,76,2108058,"Paulino Neves",MA,,1876128,paulino.neves,BR-MA-PaulinoNeves,98,"{""area_sr"": 0.07969, ""area_km2"": 980, ""fat_deg_m"": 0.0000090, ""population"": {""ref"": ""IBGE"", ""date"": ""2021-07-01"", ""method"": ""estimate"", ""population"": 16295}, ""side_estim_km"": 31.3, ""side_estim_deg"": 0.2823, ""elongation_factor"": 1.63, ""postalCode_ranges"": ""[65585-000 65589-999]"", ""shares_border_with"": [""BR-MA-Barreirinhas"", ""BR-MA-SantanaMaranhao"", ""BR-MA-Tutoia""]}"
332868,76,2108108,"Paulo Ramos",MA,PUR,2064653,paulo.ramos,BR-MA-PauloRamos,98,"{""area_sr"": 0.08594, ""area_km2"": 1055, ""fat_deg_m"": 0.0000090, ""population"": {""ref"": ""IBGE"", ""date"": ""2021-07-01"", ""method"": ""estimate"", ""population"": 21092}, ""side_estim_km"": 32.5, ""side_estim_deg"": 0.2931, ""elongation_factor"": 1.77, ""postalCode_ranges"": ""[65716-000 65717-999]"", ""shares_border_with"": [""BR-MA-BomLugar"", ""BR-MA-BrejoAreia"", ""BR-MA-LagoPedra"", ""BR-MA-MarajaSena"", ""BR-MA-SantaLuzia"", ""BR-MA-VitorinoFreire""]}"
332881,76,2107506,"Paço do Lumiar",MA,PCL,628172,paco.lumiar,BR-MA-PacoLumiar,98,"{""area_sr"": 0.01063, ""area_km2"": 131, ""fat_deg_m"": 0.0000090, ""population"": {""ref"": ""IBGE"", ""date"": ""2021-07-01"", ""method"": ""estimate"", ""population"": 125265}, ""side_estim_km"": 11.4, ""side_estim_deg"": 0.1031, ""elongation_factor"": 1.63, ""postalCode_ranges"": ""[65130-000 65137-999]"", ""shares_border_with"": [""BR-MA-Raposa"", ""BR-MA-SaoJoseRibamar""]}"
332787,76,2108207,Pedreiras,MA,PDZ,1957216,pedreiras,BR-MA-Pedreiras,99,"{""area_sr"": 0.02361, ""area_km2"": 290, ""fat_deg_m"": 0.0000090, ""population"": {""ref"": ""IBGE"", ""date"": ""2021-07-01"", ""method"": ""estimate"", ""population"": 39153}, ""side_estim_km"": 17, ""side_estim_deg"": 0.1536, ""elongation_factor"": 3.85, ""postalCode_ranges"": ""[65725-000 65726-999]"", ""shares_border_with"": [""BR-MA-BernardoMearim"", ""BR-MA-LimaCampos"", ""BR-MA-PocaoPedras"", ""BR-MA-SantoAntonioLopes"", ""BR-MA-SaoJoseBasilios"", ""BR-MA-SaoLuisGonzagaMaranhao"", ""BR-MA-TrizidelaVale""]}"
332944,76,2108256,"Pedro do Rosário",MA,,661607,pedro.rosario,BR-MA-PedroRosario,98,"{""area_sr"": 0.14287, ""area_km2"": 1756, ""fat_deg_m"": 0.0000090, ""population"": {""ref"": ""IBGE"", ""date"": ""2021-07-01"", ""method"": ""estimate"", ""population"": 25560}, ""side_estim_km"": 41.9, ""side_estim_deg"": 0.378, ""elongation_factor"": 1.7, ""postalCode_ranges"": ""[65206-000 65207-999]"", ""shares_border_with"": [""BR-MA-Araguana"", ""BR-MA-Moncao"", ""BR-MA-Penalva"", ""BR-MA-Pinheiro"", ""BR-MA-PresidenteSarney"", ""BR-MA-SantaHelena"", ""BR-MA-SaoBento"", ""BR-MA-SaoVicenteFerrer"", ""BR-MA-Viana"", ""BR-MA-ZeDoca""]}"
332946,76,2108306,Penalva,MA,PLV,2066111,penalva,BR-MA-Penalva,98,"{""area_sr"": 0.05999, ""area_km2"": 737, ""fat_deg_m"": 0.0000090, ""population"": {""ref"": ""IBGE"", ""date"": ""2021-07-01"", ""method"": ""estimate"", ""population"": 38987}, ""side_estim_km"": 27.2, ""side_estim_deg"": 0.2449, ""elongation_factor"": 1.83, ""postalCode_ranges"": ""[65213-000 65214-999]"", ""shares_border_with"": [""BR-MA-Cajari"", ""BR-MA-Moncao"", ""BR-MA-PedroRosario"", ""BR-MA-Viana""]}"
332964,76,2108405,"Peri Mirim",MA,PEM,2066022,peri.mirim,BR-MA-PeriMirim,98,"{""area_sr"": 0.03307, ""area_km2"": 407, ""fat_deg_m"": 0.0000090, ""population"": {""ref"": ""IBGE"", ""date"": ""2021-07-01"", ""method"": ""estimate"", ""population"": 14371}, ""side_estim_km"": 20.2, ""side_estim_deg"": 0.1819, ""elongation_factor"": 2.32, ""postalCode_ranges"": ""[65245-000 65247-999]"", ""shares_border_with"": [""BR-MA-Alcantara"", ""BR-MA-Bacurituba"", ""BR-MA-Bequimao"", ""BR-MA-Palmeirandia"", ""BR-MA-Pinheiro"", ""BR-MA-SaoBento""]}"
332965,76,2108454,Peritoró,MA,,1941672,peritoro,BR-MA-Peritoro,99,"{""area_sr"": 0.06707, ""area_km2"": 823, ""fat_deg_m"": 0.0000090, ""population"": {""ref"": ""IBGE"", ""date"": ""2021-07-01"", ""method"": ""estimate"", ""population"": 23530}, ""side_estim_km"": 28.7, ""side_estim_deg"": 0.259, ""elongation_factor"": -1, ""postalCode_ranges"": ""[65418-000 65419-999]"", ""shares_border_with"": [""BR-MA-AltoAlegreMaranhao"", ""BR-MA-CapinzalNorte"", ""BR-MA-Codo"", ""BR-MA-Coroata"", ""BR-MA-LimaCampos"", ""BR-MA-SaoLuisGonzagaMaranhao""]}"
332896,76,2108504,Pindaré-Mirim,MA,PDM,2065093,pindare.mirim,BR-MA-PindareMirim,98,"{""area_sr"": 0.02198, ""area_km2"": 270, ""fat_deg_m"": 0.0000090, ""population"": {""ref"": ""IBGE"", ""date"": ""2021-07-01"", ""method"": ""estimate"", ""population"": 33186}, ""side_estim_km"": 16.4, ""side_estim_deg"": 0.1482, ""elongation_factor"": 3.17, ""postalCode_ranges"": ""[65370-000 65377-999]"", ""shares_border_with"": [""BR-MA-BomJardim"", ""BR-MA-Moncao"", ""BR-MA-SantaInes"", ""BR-MA-Tufilandia""]}"
332882,76,2108603,Pinheiro,MA,PHE,1796449,pinheiro,BR-MA-Pinheiro,98,"{""area_sr"": 0.11887, ""area_km2"": 1462, ""fat_deg_m"": 0.0000090, ""population"": {""ref"": ""IBGE"", ""date"": ""2021-07-01"", ""method"": ""estimate"", ""population"": 84160}, ""side_estim_km"": 38.2, ""side_estim_deg"": 0.3448, ""elongation_factor"": 2.31, ""postalCode_ranges"": ""[65200-000 65203-999]"", ""shares_border_with"": [""BR-MA-Bequimao"", ""BR-MA-CentralMaranhao"", ""BR-MA-Mirinzal"", ""BR-MA-Palmeirandia"", ""BR-MA-PedroRosario"", ""BR-MA-PeriMirim"", ""BR-MA-PresidenteSarney"", ""BR-MA-SantaHelena"", ""BR-MA-SaoBento""]}"
332921,76,2108702,"Pio XII",MA,PXY,1833985,pio.xii,BR-MA-PioXii,98,"{""area_sr"": 0.04434, ""area_km2"": 545, ""fat_deg_m"": 0.0000090, ""population"": {""ref"": ""IBGE"", ""date"": ""2021-07-01"", ""method"": ""estimate"", ""population"": 21274}, ""side_estim_km"": 23.3, ""side_estim_deg"": 0.2106, ""elongation_factor"": 1.94, ""postalCode_ranges"": ""[65707-000 65707-999]"", ""shares_border_with"": [""BR-MA-ConceicaoLagoAcu"", ""BR-MA-IgarapeMeio"", ""BR-MA-LagoVerde"", ""BR-MA-OlhoAguaCunhas"", ""BR-MA-Satubinha"", ""BR-MA-VitoriaMearim""]}"
332928,76,2108801,Pirapemas,MA,PRP,2089300,pirapemas,BR-MA-Pirapemas,98,"{""area_sr"": 0.056, ""area_km2"": 688, ""fat_deg_m"": 0.0000090, ""population"": {""ref"": ""IBGE"", ""date"": ""2021-07-01"", ""method"": ""estimate"", ""population"": 18814}, ""side_estim_km"": 26.2, ""side_estim_deg"": 0.2366, ""elongation_factor"": 1.81, ""postalCode_ranges"": ""[65460-000 65464-999]"", ""shares_border_with"": [""BR-MA-Cantanhede"", ""BR-MA-Coroata"", ""BR-MA-MatoesNorte"", ""BR-MA-SaoMateusMaranhao"", ""BR-MA-VargemGrande""]}"
332911,76,2109007,"Porto Franco",MA,PFN,2082418,porto.franco,BR-MA-PortoFranco,99,"{""area_sr"": 0.11576, ""area_km2"": 1416, ""fat_deg_m"": 0.0000090, ""population"": {""ref"": ""IBGE"", ""date"": ""2021-07-01"", ""method"": ""estimate"", ""population"": 24294}, ""side_estim_km"": 37.6, ""side_estim_deg"": 0.3402, ""elongation_factor"": 2.68, ""postalCode_ranges"": ""[65970-000 65972-999]"", ""shares_border_with"": [""BR-MA-CampestreMaranhao"", ""BR-MA-Estreito"", ""BR-MA-LajeadoNovo"", ""BR-MA-SaoJoaoParaiso"", ""BR-TO-Aguiarnopolis"", ""BR-TO-Tocantinopolis""]}"
332884,76,2109056,"Porto Rico do Maranhão",MA,,2066074,porto.rico.maranhao,BR-MA-PortoRicoMaranhao,98,"{""area_sr"": 0.01735, ""area_km2"": 213, ""fat_deg_m"": 0.0000090, ""population"": {""ref"": ""IBGE"", ""date"": ""2021-07-01"", ""method"": ""estimate"", ""population"": 5936}, ""side_estim_km"": 14.6, ""side_estim_deg"": 0.1317, ""elongation_factor"": 4.27, ""postalCode_ranges"": ""[65263-000 65264-999]"", ""shares_border_with"": [""BR-MA-Cedral"", ""BR-MA-Cururupu"", ""BR-MA-Mirinzal""]}"
332925,76,2108900,"Poção de Pedras",MA,PAO,2104834,pocao.pedras,BR-MA-PocaoPedras,99,"{""area_sr"": 0.07854, ""area_km2"": 963, ""fat_deg_m"": 0.0000090, ""population"": {""ref"": ""IBGE"", ""date"": ""2021-07-01"", ""method"": ""estimate"", ""population"": 17321}, ""side_estim_km"": 31, ""side_estim_deg"": 0.2803, ""elongation_factor"": 2.22, ""postalCode_ranges"": ""[65740-000 65749-999]"", ""shares_border_with"": [""BR-MA-BernardoMearim"", ""BR-MA-Esperantinopolis"", ""BR-MA-IgarapeGrande"", ""BR-MA-LagoJunco"", ""BR-MA-LagoPedra"", ""BR-MA-LagoRodrigues"", ""BR-MA-Pedreiras""]}"
332970,76,2109106,"Presidente Dutra",MA,PDU,637452,presidente.dutra,BR-MA-PresidenteDutra,99,"{""area_sr"": 0.063, ""area_km2"": 772, ""fat_deg_m"": 0.0000090, ""population"": {""ref"": ""IBGE"", ""date"": ""2021-07-01"", ""method"": ""estimate"", ""population"": 48264}, ""side_estim_km"": 27.8, ""side_estim_deg"": 0.251, ""elongation_factor"": 2.06, ""postalCode_ranges"": ""[65760-000 65761-999]"", ""shares_border_with"": [""BR-MA-DomPedro"", ""BR-MA-GoncalvesDias"", ""BR-MA-GovernadorArcher"", ""BR-MA-GracaAranha"", ""BR-MA-SantaFilomenaMaranhao"", ""BR-MA-SaoDomingosMaranhao"", ""BR-MA-SaoJoseBasilios"", ""BR-MA-Tuntum""]}"
332954,76,2109205,"Presidente Juscelino",MA,PJN,2104269,presidente.juscelino,BR-MA-PresidenteJuscelino,98,"{""area_sr"": 0.02882, ""area_km2"": 354, ""fat_deg_m"": 0.0000090, ""population"": {""ref"": ""IBGE"", ""date"": ""2021-07-01"", ""method"": ""estimate"", ""population"": 12939}, ""side_estim_km"": 18.8, ""side_estim_deg"": 0.1698, ""elongation_factor"": 3.2, ""postalCode_ranges"": ""[65140-000 65142-999]"", ""shares_border_with"": [""BR-MA-Axixa"", ""BR-MA-CachoeiraGrande"", ""BR-MA-ItapecuruMirim"", ""BR-MA-PresidenteVargas"", ""BR-MA-Rosario"", ""BR-MA-SantaRita""]}"
332940,76,2109239,"Presidente Médici",MA,,2089748,presidente.medici,BR-MA-PresidenteMedici,98,"{""area_sr"": 0.03565, ""area_km2"": 438, ""fat_deg_m"": 0.0000090, ""population"": {""ref"": ""IBGE"", ""date"": ""2021-07-01"", ""method"": ""estimate"", ""population"": 7124}, ""side_estim_km"": 20.9, ""side_estim_deg"": 0.1888, ""elongation_factor"": 1.36, ""postalCode_ranges"": ""[65279-000 65279-999]"", ""shares_border_with"": [""BR-MA-GovernadorNunesFreire"", ""BR-MA-Maranhaozinho"", ""BR-MA-SantaHelena"", ""BR-MA-SantaLuziaParua"", ""BR-MA-Turilandia""]}"
332818,76,2109270,"Presidente Sarney",MA,,2013023,presidente.sarney,BR-MA-PresidenteSarney,98,"{""area_sr"": 0.059, ""area_km2"": 726, ""fat_deg_m"": 0.0000090, ""population"": {""ref"": ""IBGE"", ""date"": ""2021-07-01"", ""method"": ""estimate"", ""population"": 19217}, ""side_estim_km"": 26.9, ""side_estim_deg"": 0.2429, ""elongation_factor"": 1.64, ""postalCode_ranges"": ""[65204-000 65205-999]"", ""shares_border_with"": [""BR-MA-PedroRosario"", ""BR-MA-Pinheiro"", ""BR-MA-SantaHelena""]}"
332821,76,2109304,"Presidente Vargas",MA,PVS,2003321,presidente.vargas,BR-MA-PresidenteVargas,98,"{""area_sr"": 0.03746, ""area_km2"": 460, ""fat_deg_m"": 0.0000090, ""population"": {""ref"": ""IBGE"", ""date"": ""2021-07-01"", ""method"": ""estimate"", ""population"": 11328}, ""side_estim_km"": 21.5, ""side_estim_deg"": 0.1936, ""elongation_factor"": 2.15, ""postalCode_ranges"": ""[65455-000 65459-999]"", ""shares_border_with"": [""BR-MA-CachoeiraGrande"", ""BR-MA-ItapecuruMirim"", ""BR-MA-Morros"", ""BR-MA-NinaRodrigues"", ""BR-MA-PresidenteJuscelino"", ""BR-MA-VargemGrande""]}"
332785,76,2109403,"Primeira Cruz",MA,PUZ,960537,primeira.cruz,BR-MA-PrimeiraCruz,98,"{""area_sr"": 0.11131, ""area_km2"": 1369, ""fat_deg_m"": 0.0000090, ""population"": {""ref"": ""IBGE"", ""date"": ""2021-07-01"", ""method"": ""estimate"", ""population"": 15545}, ""side_estim_km"": 37, ""side_estim_deg"": 0.3336, ""elongation_factor"": 2.22, ""postalCode_ranges"": ""[65190-000 65194-999]"", ""shares_border_with"": [""BR-MA-Barreirinhas"", ""BR-MA-Belagua"", ""BR-MA-HumbertoCampos"", ""BR-MA-SantoAmaroMaranhao""]}"
332859,76,2109452,Raposa,MA,,2065202,raposa,BR-MA-Raposa,98,"{""area_sr"": 0.00616, ""area_km2"": 76, ""fat_deg_m"": 0.0000090, ""population"": {""ref"": ""IBGE"", ""date"": ""2021-07-01"", ""method"": ""estimate"", ""population"": 31586}, ""side_estim_km"": 8.7, ""side_estim_deg"": 0.0785, ""elongation_factor"": 2.47, ""postalCode_ranges"": ""[65138-000 65139-999]"", ""shares_border_with"": [""BR-MA-PacoLumiar""]}"
332833,76,2109502,Riachão,MA,RIH,685271,riachao,BR-MA-Riachao,99,"{""area_sr"": 0.52198, ""area_km2"": 6370, ""fat_deg_m"": 0.0000091, ""population"": {""ref"": ""IBGE"", ""date"": ""2021-07-01"", ""method"": ""estimate"", ""population"": 20288}, ""side_estim_km"": 79.8, ""side_estim_deg"": 0.7225, ""elongation_factor"": 2.78, ""postalCode_ranges"": ""[65990-000 65994-999]"", ""shares_border_with"": [""BR-MA-Balsas"", ""BR-MA-Carolina"", ""BR-MA-FeiraNovaMaranhao"", ""BR-MA-NovaColinas"", ""BR-TO-CamposLindos""]}"
332908,76,2109551,"Ribamar Fiquene",MA,,2012967,ribamar.fiquene,BR-MA-RibamarFiquene,99,"{""area_sr"": 0.06152, ""area_km2"": 753, ""fat_deg_m"": 0.0000090, ""population"": {""ref"": ""IBGE"", ""date"": ""2021-07-01"", ""method"": ""estimate"", ""population"": 7859}, ""side_estim_km"": 27.4, ""side_estim_deg"": 0.248, ""elongation_factor"": 1.78, ""postalCode_ranges"": ""[65938-000 65938-999]"", ""shares_border_with"": [""BR-MA-CampestreMaranhao"", ""BR-MA-GovernadorEdisonLobao"", ""BR-MA-LajeadoNovo"", ""BR-MA-MontesAltos"", ""BR-TO-Itaguatins"", ""BR-TO-MaurilandiaTocantins"", ""BR-TO-Tocantinopolis""]}"
332918,76,2109601,Rosário,MA,RSI,2106358,rosario,BR-MA-Rosario,98,"{""area_sr"": 0.05585, ""area_km2"": 687, ""fat_deg_m"": 0.0000090, ""population"": {""ref"": ""IBGE"", ""date"": ""2021-07-01"", ""method"": ""estimate"", ""population"": 43243}, ""side_estim_km"": 26.2, ""side_estim_deg"": 0.2363, ""elongation_factor"": 2.27, ""postalCode_ranges"": ""[65150-000 65152-999]"", ""shares_border_with"": [""BR-MA-Axixa"", ""BR-MA-Bacabeira"", ""BR-MA-PresidenteJuscelino"", ""BR-MA-SantaRita"", ""BR-MA-SaoLuis""]}"
332879,76,2109700,Sambaíba,MA,SKB,2064949,sambaiba,BR-MA-Sambaiba,99,"{""area_sr"": 0.20308, ""area_km2"": 2479, ""fat_deg_m"": 0.0000091, ""population"": {""ref"": ""IBGE"", ""date"": ""2021-07-01"", ""method"": ""estimate"", ""population"": 5686}, ""side_estim_km"": 49.8, ""side_estim_deg"": 0.4506, ""elongation_factor"": 3.52, ""postalCode_ranges"": ""[65830-000 65839-999]"", ""shares_border_with"": [""BR-MA-Balsas"", ""BR-MA-Loreto"", ""BR-MA-Mirador"", ""BR-MA-SaoRaimundoMangabeiras"", ""BR-MA-TassoFragoso"", ""BR-PI-RibeiroGoncalves""]}"
332902,76,2109759,"Santa Filomena do Maranhão",MA,,2065314,santa.filomena.maranhao,BR-MA-SantaFilomenaMaranhao,99,"{""area_sr"": 0.04929, ""area_km2"": 604, ""fat_deg_m"": 0.0000090, ""population"": {""ref"": ""IBGE"", ""date"": ""2021-07-01"", ""method"": ""estimate"", ""population"": 7878}, ""side_estim_km"": 24.6, ""side_estim_deg"": 0.222, ""elongation_factor"": 1.62, ""postalCode_ranges"": ""[65768-000 65769-999]"", ""shares_border_with"": [""BR-MA-PresidenteDutra"", ""BR-MA-SaoDomingosMaranhao"", ""BR-MA-Tuntum""]}"
332960,76,2109809,"Santa Helena",MA,SHE,2103762,santa.helena,BR-MA-SantaHelena,98,"{""area_sr"": 0.18781, ""area_km2"": 2310, ""fat_deg_m"": 0.0000090, ""population"": {""ref"": ""IBGE"", ""date"": ""2021-07-01"", ""method"": ""estimate"", ""population"": 42829}, ""side_estim_km"": 48.1, ""side_estim_deg"": 0.4334, ""elongation_factor"": 3.12, ""postalCode_ranges"": ""[65208-000 65209-999]"", ""shares_border_with"": [""BR-MA-Araguana"", ""BR-MA-NovaOlindaMaranhao"", ""BR-MA-PedroRosario"", ""BR-MA-Pinheiro"", ""BR-MA-PresidenteMedici"", ""BR-MA-PresidenteSarney"", ""BR-MA-SantaLuziaParua"", ""BR-MA-SerranoMaranhao"", ""BR-MA-Turilandia""]}"
332808,76,2109908,"Santa Inês",MA,SIS,2469099,santa.ines,BR-MA-SantaInes,98,"{""area_sr"": 0.0308, ""area_km2"": 378, ""fat_deg_m"": 0.0000090, ""population"": {""ref"": ""IBGE"", ""date"": ""2021-07-01"", ""method"": ""estimate"", ""population"": 89927}, ""side_estim_km"": 19.4, ""side_estim_deg"": 0.1755, ""elongation_factor"": 2.38, ""postalCode_ranges"": ""[65300-001 65309-999]"", ""shares_border_with"": [""BR-MA-AltamiraMaranhao"", ""BR-MA-BelaVistaMaranhao"", ""BR-MA-Moncao"", ""BR-MA-PindareMirim"", ""BR-MA-SantaLuzia"", ""BR-MA-Tufilandia""]}"
332812,76,2110005,"Santa Luzia",MA,SUA,1977528,santa.luzia,BR-MA-SantaLuzia,98,"{""area_sr"": 0.44471, ""area_km2"": 5459, ""fat_deg_m"": 0.0000090, ""population"": {""ref"": ""IBGE"", ""date"": ""2021-07-01"", ""method"": ""estimate"", ""population"": 73105}, ""side_estim_km"": 73.9, ""side_estim_deg"": 0.6669, ""elongation_factor"": 1.83, ""postalCode_ranges"": ""[65390-000 65392-999]"", ""shares_border_with"": [""BR-MA-AltamiraMaranhao"", ""BR-MA-AltoAlegrePindare"", ""BR-MA-AmaranteMaranhao"", ""BR-MA-Arame"", ""BR-MA-BrejoAreia"", ""BR-MA-Buriticupu"", ""BR-MA-MarajaSena"", ""BR-MA-PauloRamos"", ""BR-MA-SantaInes"", ""BR-MA-Tufilandia""]}"
332814,76,2110039,"Santa Luzia do Paruá",MA,SPQ,2064642,santa.luzia.parua,BR-MA-SantaLuziaParua,98,"{""area_sr"": 0.07312, ""area_km2"": 899, ""fat_deg_m"": 0.0000090, ""population"": {""ref"": ""IBGE"", ""date"": ""2021-07-01"", ""method"": ""estimate"", ""population"": 25487}, ""side_estim_km"": 30, ""side_estim_deg"": 0.2704, ""elongation_factor"": 1.4, ""postalCode_ranges"": ""[65272-000 65273-999]"", ""shares_border_with"": [""BR-MA-Maranhaozinho"", ""BR-MA-NovaOlindaMaranhao"", ""BR-MA-PresidenteMedici"", ""BR-MA-SantaHelena""]}"
332825,76,2110104,"Santa Quitéria do Maranhão",MA,SQH,2013052,santa.quiteria.maranhao,BR-MA-SantaQuiteriaMaranhao,98,"{""area_sr"": 0.15565, ""area_km2"": 1913, ""fat_deg_m"": 0.0000090, ""population"": {""ref"": ""IBGE"", ""date"": ""2021-07-01"", ""method"": ""estimate"", ""population"": 25884}, ""side_estim_km"": 43.7, ""side_estim_deg"": 0.3945, ""elongation_factor"": 1.99, ""postalCode_ranges"": ""[65540-000 65544-999]"", ""shares_border_with"": [""BR-MA-Anapurus"", ""BR-MA-Barreirinhas"", ""BR-MA-Belagua"", ""BR-MA-MilagresMaranhao"", ""BR-MA-SantanaMaranhao"", ""BR-MA-SaoBernardo"", ""BR-MA-UrbanoSantos"", ""BR-PI-Madeiro""]}"
332824,76,2110203,"Santa Rita",MA,STY,1915115,santa.rita,BR-MA-SantaRita,98,"{""area_sr"": 0.05756, ""area_km2"": 707, ""fat_deg_m"": 0.0000090, ""population"": {""ref"": ""IBGE"", ""date"": ""2021-07-01"", ""method"": ""estimate"", ""population"": 38732}, ""side_estim_km"": 26.6, ""side_estim_deg"": 0.2399, ""elongation_factor"": 2.35, ""postalCode_ranges"": ""[65145-000 65147-999]"", ""shares_border_with"": [""BR-MA-Anajatuba"", ""BR-MA-Bacabeira"", ""BR-MA-Cajapio"", ""BR-MA-ItapecuruMirim"", ""BR-MA-PresidenteJuscelino"", ""BR-MA-Rosario""]}"
332781,76,2110237,"Santana do Maranhão",MA,,2012500,santana.maranhao,BR-MA-SantanaMaranhao,98,"{""area_sr"": 0.07579, ""area_km2"": 931, ""fat_deg_m"": 0.0000090, ""population"": {""ref"": ""IBGE"", ""date"": ""2021-07-01"", ""method"": ""estimate"", ""population"": 13704}, ""side_estim_km"": 30.5, ""side_estim_deg"": 0.2753, ""elongation_factor"": 2.01, ""postalCode_ranges"": ""[65555-000 65559-999]"", ""shares_border_with"": [""BR-MA-Barreirinhas"", ""BR-MA-PaulinoNeves"", ""BR-MA-SantaQuiteriaMaranhao"", ""BR-MA-SaoBernardo"", ""BR-MA-Tutoia""]}"
332788,76,2110278,"Santo Amaro do Maranhão",MA,,665255,santo.amaro.maranhao,BR-MA-SantoAmaroMaranhao,98,"{""area_sr"": 0.13015, ""area_km2"": 1600, ""fat_deg_m"": 0.0000090, ""population"": {""ref"": ""IBGE"", ""date"": ""2021-07-01"", ""method"": ""estimate"", ""population"": 16219}, ""side_estim_km"": 40, ""side_estim_deg"": 0.3608, ""elongation_factor"": 1.91, ""postalCode_ranges"": ""[65195-000 65199-999]"", ""shares_border_with"": [""BR-MA-Barreirinhas"", ""BR-MA-PrimeiraCruz""]}"
332775,76,2110302,"Santo Antônio dos Lopes",MA,SIL,2066051,santo.antonio.lopes,BR-MA-SantoAntonioLopes,99,"{""area_sr"": 0.06287, ""area_km2"": 771, ""fat_deg_m"": 0.0000090, ""population"": {""ref"": ""IBGE"", ""date"": ""2021-07-01"", ""method"": ""estimate"", ""population"": 14516}, ""side_estim_km"": 27.8, ""side_estim_deg"": 0.2507, ""elongation_factor"": 1.3, ""postalCode_ranges"": ""[65730-000 65734-999]"", ""shares_border_with"": [""BR-MA-CapinzalNorte"", ""BR-MA-Codo"", ""BR-MA-DomPedro"", ""BR-MA-LimaCampos"", ""BR-MA-Pedreiras"", ""BR-MA-SaoJoseBasilios""]}"
332968,76,2111722,Satubinha,MA,,2064663,satubinha,BR-MA-Satubinha,98,"{""area_sr"": 0.03642, ""area_km2"": 447, ""fat_deg_m"": 0.0000090, ""population"": {""ref"": ""IBGE"", ""date"": ""2021-07-01"", ""method"": ""estimate"", ""population"": 14274}, ""side_estim_km"": 21.1, ""side_estim_deg"": 0.1908, ""elongation_factor"": 2.53, ""postalCode_ranges"": ""[65709-000 65709-999]"", ""shares_border_with"": [""BR-MA-BelaVistaMaranhao"", ""BR-MA-IgarapeMeio"", ""BR-MA-OlhoAguaCunhas"", ""BR-MA-PioXii"", ""BR-MA-VitorinoFreire""]}"
332967,76,2111748,"Senador Alexandre Costa",MA,,1904786,senador.alexandre.costa,BR-MA-SenadorAlexandreCosta,99,"{""area_sr"": 0.03484, ""area_km2"": 427, ""fat_deg_m"": 0.0000090, ""population"": {""ref"": ""IBGE"", ""date"": ""2021-07-01"", ""method"": ""estimate"", ""population"": 11285}, ""side_estim_km"": 20.7, ""side_estim_deg"": 0.1866, ""elongation_factor"": 1.51, ""postalCode_ranges"": ""[65783-000 65784-999]"", ""shares_border_with"": [""BR-MA-GoncalvesDias"", ""BR-MA-GovernadorEugenioBarros"", ""BR-MA-Parnarama"", ""BR-MA-SaoJoaoSoter""]}"
332969,76,2111763,"Senador La Rocque",MA,,1967899,senador.la.rocque,BR-MA-SenadorLaRocque,99,"{""area_sr"": 0.10094, ""area_km2"": 1237, ""fat_deg_m"": 0.0000090, ""population"": {""ref"": ""IBGE"", ""date"": ""2021-07-01"", ""method"": ""estimate"", ""population"": 13981}, ""side_estim_km"": 35.2, ""side_estim_deg"": 0.3177, ""elongation_factor"": 2.01, ""postalCode_ranges"": ""[65935-000 65935-499]"", ""shares_border_with"": [""BR-MA-AmaranteMaranhao"", ""BR-MA-Buritirana"", ""BR-MA-Davinopolis"", ""BR-MA-Imperatriz"", ""BR-MA-JoaoLisboa""]}"
332801,76,2111789,"Serrano do Maranhão",MA,,1909011,serrano.maranhao,BR-MA-SerranoMaranhao,98,"{""area_sr"": 0.0978, ""area_km2"": 1203, ""fat_deg_m"": 0.0000090, ""population"": {""ref"": ""IBGE"", ""date"": ""2021-07-01"", ""method"": ""estimate"", ""population"": 10343}, ""side_estim_km"": 34.7, ""side_estim_deg"": 0.3127, ""elongation_factor"": 2.59, ""postalCode_ranges"": ""[65269-000 65269-999]"", ""shares_border_with"": [""BR-MA-Bacuri"", ""BR-MA-Cururupu"", ""BR-MA-Mirinzal"", ""BR-MA-SantaHelena"", ""BR-MA-Turilandia""]}"
332793,76,2111904,"Sucupira do Norte",MA,,1873577,sucupira.norte,BR-MA-SucupiraNorte,99,"{""area_sr"": 0.08759, ""area_km2"": 1071, ""fat_deg_m"": 0.0000090, ""population"": {""ref"": ""IBGE"", ""date"": ""2021-07-01"", ""method"": ""estimate"", ""population"": 10631}, ""side_estim_km"": 32.7, ""side_estim_deg"": 0.296, ""elongation_factor"": 1.96, ""postalCode_ranges"": ""[65860-000 65869-999]"", ""shares_border_with"": [""BR-MA-Colinas"", ""BR-MA-Mirador"", ""BR-MA-Paraibano"", ""BR-MA-PastosBons"", ""BR-MA-SaoDomingosAzeitao""]}"
332795,76,2111953,"Sucupira do Riachão",MA,,2065244,sucupira.riachao,BR-MA-SucupiraRiachao,99,"{""area_sr"": 0.04624, ""area_km2"": 566, ""fat_deg_m"": 0.0000090, ""population"": {""ref"": ""IBGE"", ""date"": ""2021-07-01"", ""method"": ""estimate"", ""population"": 5692}, ""side_estim_km"": 23.8, ""side_estim_deg"": 0.215, ""elongation_factor"": 1.48, ""postalCode_ranges"": ""[65668-000 65669-999]"", ""shares_border_with"": [""BR-MA-BaraoGrajau"", ""BR-MA-LagoaMato"", ""BR-MA-SaoJoaoPatos""]}"
332778,76,2110401,"São Benedito do Rio Preto",MA,SBP,1806571,sao.benedito.rio.preto,BR-MA-SaoBeneditoRioPreto,98,"{""area_sr"": 0.07576, ""area_km2"": 931, ""fat_deg_m"": 0.0000090, ""population"": {""ref"": ""IBGE"", ""date"": ""2021-07-01"", ""method"": ""estimate"", ""population"": 18769}, ""side_estim_km"": 30.5, ""side_estim_deg"": 0.2752, ""elongation_factor"": 1.54, ""postalCode_ranges"": ""[65440-000 65449-999]"", ""shares_border_with"": [""BR-MA-Belagua"", ""BR-MA-Chapadinha"", ""BR-MA-Morros"", ""BR-MA-NinaRodrigues"", ""BR-MA-UrbanoSantos""]}"
332807,76,2110500,"São Bento",MA,SEO,2104116,sao.bento,BR-MA-SaoBento,98,"{""area_sr"": 0.03746, ""area_km2"": 461, ""fat_deg_m"": 0.0000090, ""population"": {""ref"": ""IBGE"", ""date"": ""2021-07-01"", ""method"": ""estimate"", ""population"": 45989}, ""side_estim_km"": 21.5, ""side_estim_deg"": 0.1936, ""elongation_factor"": 2.57, ""postalCode_ranges"": ""[65235-000 65237-999]"", ""shares_border_with"": [""BR-MA-Bacurituba"", ""BR-MA-Cajapio"", ""BR-MA-Palmeirandia"", ""BR-MA-PedroRosario"", ""BR-MA-PeriMirim"", ""BR-MA-Pinheiro"", ""BR-MA-SaoVicenteFerrer""]}"
332806,76,2110609,"São Bernardo",MA,SBW,2065297,sao.bernardo,BR-MA-SaoBernardo,98,"{""area_sr"": 0.08202, ""area_km2"": 1008, ""fat_deg_m"": 0.0000090, ""population"": {""ref"": ""IBGE"", ""date"": ""2021-07-01"", ""method"": ""estimate"", ""population"": 28825}, ""side_estim_km"": 31.7, ""side_estim_deg"": 0.2864, ""elongation_factor"": 1.39, ""postalCode_ranges"": ""[65550-000 65554-999]"", ""shares_border_with"": [""BR-MA-Araioses"", ""BR-MA-MagalhaesAlmeida"", ""BR-MA-SantaQuiteriaMaranhao"", ""BR-MA-SantanaMaranhao"", ""BR-PI-JocaMarques"", ""BR-PI-Luzilandia"", ""BR-PI-Madeiro""]}"
332800,76,2110658,"São Domingos do Azeitão",MA,,1977781,sao.domingos.azeitao,BR-MA-SaoDomingosAzeitao,99,"{""area_sr"": 0.07866, ""area_km2"": 962, ""fat_deg_m"": 0.0000090, ""population"": {""ref"": ""IBGE"", ""date"": ""2021-07-01"", ""method"": ""estimate"", ""population"": 7448}, ""side_estim_km"": 31, ""side_estim_deg"": 0.2805, ""elongation_factor"": 1.5, ""postalCode_ranges"": ""[65888-000 65889-999]"", ""shares_border_with"": [""BR-MA-BeneditoLeite"", ""BR-MA-Mirador"", ""BR-MA-PastosBons"", ""BR-MA-SaoFelixBalsas"", ""BR-MA-SucupiraNorte""]}"
332850,76,2110708,"São Domingos do Maranhão",MA,SDH,2036695,sao.domingos.maranhao,BR-MA-SaoDomingosMaranhao,99,"{""area_sr"": 0.09405, ""area_km2"": 1152, ""fat_deg_m"": 0.0000090, ""population"": {""ref"": ""IBGE"", ""date"": ""2021-07-01"", ""method"": ""estimate"", ""population"": 34391}, ""side_estim_km"": 33.9, ""side_estim_deg"": 0.3067, ""elongation_factor"": 1.94, ""postalCode_ranges"": ""[65790-000 65794-999]"", ""shares_border_with"": [""BR-MA-Colinas"", ""BR-MA-Fortuna"", ""BR-MA-GovernadorLuizRocha"", ""BR-MA-GracaAranha"", ""BR-MA-Jatoba"", ""BR-MA-PresidenteDutra"", ""BR-MA-SantaFilomenaMaranhao"", ""BR-MA-Tuntum""]}"
332853,76,2110856,"São Francisco do Brejão",MA,,2012495,sao.francisco.brejao,BR-MA-SaoFranciscoBrejao,99,"{""area_sr"": 0.06088, ""area_km2"": 746, ""fat_deg_m"": 0.0000090, ""population"": {""ref"": ""IBGE"", ""date"": ""2021-07-01"", ""method"": ""estimate"", ""population"": 12082}, ""side_estim_km"": 27.3, ""side_estim_deg"": 0.2467, ""elongation_factor"": 1.94, ""postalCode_ranges"": ""[65929-000 65929-999]"", ""shares_border_with"": [""BR-MA-Acailandia"", ""BR-MA-Cidelandia"", ""BR-MA-Imperatriz"", ""BR-MA-JoaoLisboa""]}"
332849,76,2110906,"São Francisco do Maranhão",MA,SFM,2065076,sao.francisco.maranhao,BR-MA-SaoFranciscoMaranhao,99,"{""area_sr"": 0.19179, ""area_km2"": 2347, ""fat_deg_m"": 0.0000090, ""population"": {""ref"": ""IBGE"", ""date"": ""2021-07-01"", ""method"": ""estimate"", ""population"": 12226}, ""side_estim_km"": 48.4, ""side_estim_deg"": 0.4379, ""elongation_factor"": 1.61, ""postalCode_ranges"": ""[65650-000 65659-999]"", ""shares_border_with"": [""BR-MA-BaraoGrajau"", ""BR-MA-LagoaMato"", ""BR-MA-Parnarama"", ""BR-PI-Amarante"", ""BR-PI-Palmeirais""]}"
332855,76,2110807,"São Félix de Balsas",MA,SFB,2065066,sao.felix.balsas,BR-MA-SaoFelixBalsas,99,"{""area_sr"": 0.16635, ""area_km2"": 2032, ""fat_deg_m"": 0.0000090, ""population"": {""ref"": ""IBGE"", ""date"": ""2021-07-01"", ""method"": ""estimate"", ""population"": 4540}, ""side_estim_km"": 45.1, ""side_estim_deg"": 0.4079, ""elongation_factor"": 2.08, ""postalCode_ranges"": ""[65890-000 65894-999]"", ""shares_border_with"": [""BR-MA-BeneditoLeite"", ""BR-MA-Loreto"", ""BR-MA-Mirador"", ""BR-MA-SaoDomingosAzeitao"", ""BR-PI-RibeiroGoncalves""]}"
332877,76,2111201,"São José de Ribamar",MA,SJE,1006367,sao.jose.ribamar,BR-MA-SaoJoseRibamar,98,"{""area_sr"": 0.03139, ""area_km2"": 386, ""fat_deg_m"": 0.0000090, ""population"": {""ref"": ""IBGE"", ""date"": ""2021-07-01"", ""method"": ""estimate"", ""population"": 180345}, ""side_estim_km"": 19.6, ""side_estim_deg"": 0.1772, ""elongation_factor"": 2.46, ""postalCode_ranges"": ""[65110-000 65129-999]"", ""shares_border_with"": [""BR-MA-Axixa"", ""BR-MA-Icatu"", ""BR-MA-PacoLumiar"", ""BR-MA-SaoLuis""]}"
332930,76,2111250,"São José dos Basílios",MA,,1907710,sao.jose.basilios,BR-MA-SaoJoseBasilios,99,"{""area_sr"": 0.02967, ""area_km2"": 364, ""fat_deg_m"": 0.0000090, ""population"": {""ref"": ""IBGE"", ""date"": ""2021-07-01"", ""method"": ""estimate"", ""population"": 7639}, ""side_estim_km"": 19.1, ""side_estim_deg"": 0.1723, ""elongation_factor"": 2.38, ""postalCode_ranges"": ""[65762-000 65762-999]"", ""shares_border_with"": [""BR-MA-DomPedro"", ""BR-MA-Joselandia"", ""BR-MA-Pedreiras"", ""BR-MA-PresidenteDutra"", ""BR-MA-SantoAntonioLopes"", ""BR-MA-Tuntum""]}"
332870,76,2111003,"São João Batista",MA,SJY,1919029,sao.joao.batista,BR-MA-SaoJoaoBatista,98,"{""area_sr"": 0.05592, ""area_km2"": 687, ""fat_deg_m"": 0.0000090, ""population"": {""ref"": ""IBGE"", ""date"": ""2021-07-01"", ""method"": ""estimate"", ""population"": 20736}, ""side_estim_km"": 26.2, ""side_estim_deg"": 0.2365, ""elongation_factor"": 1.9, ""postalCode_ranges"": ""[65225-000 65229-999]"", ""shares_border_with"": [""BR-MA-Anajatuba"", ""BR-MA-Cajapio"", ""BR-MA-Matinha"", ""BR-MA-OlindaNovaMaranhao"", ""BR-MA-SaoVicenteFerrer"", ""BR-MA-Viana""]}"
332871,76,2111029,"São João do Carú",MA,,742676,sao.joao.caru,BR-MA-SaoJoaoCaru,98,"{""area_sr"": 0.05039, ""area_km2"": 619, ""fat_deg_m"": 0.0000090, ""population"": {""ref"": ""IBGE"", ""date"": ""2021-07-01"", ""method"": ""estimate"", ""population"": 15768}, ""side_estim_km"": 24.9, ""side_estim_deg"": 0.2245, ""elongation_factor"": 3.35, ""postalCode_ranges"": ""[65385-000 65389-999]"", ""shares_border_with"": [""BR-MA-BomJardim"", ""BR-MA-CentroNovoMaranhao"", ""BR-MA-GovernadorNewtonBello""]}"
332841,76,2111052,"São João do Paraíso",MA,,2105216,sao.joao.paraiso,BR-MA-SaoJoaoParaiso,99,"{""area_sr"": 0.1681, ""area_km2"": 2056, ""fat_deg_m"": 0.0000090, ""population"": {""ref"": ""IBGE"", ""date"": ""2021-07-01"", ""method"": ""estimate"", ""population"": 11207}, ""side_estim_km"": 45.3, ""side_estim_deg"": 0.41, ""elongation_factor"": 2.31, ""postalCode_ranges"": ""[65973-000 65974-999]"", ""shares_border_with"": [""BR-MA-Estreito"", ""BR-MA-LajeadoNovo"", ""BR-MA-PortoFranco"", ""BR-MA-SaoPedroCrentes"", ""BR-MA-SitioNovo""]}"
332844,76,2111078,"São João do Soter",MA,,1966884,sao.joao.soter,BR-MA-SaoJoaoSoter,99,"{""area_sr"": 0.11738, ""area_km2"": 1439, ""fat_deg_m"": 0.0000090, ""population"": {""ref"": ""IBGE"", ""date"": ""2021-07-01"", ""method"": ""estimate"", ""population"": 18746}, ""side_estim_km"": 37.9, ""side_estim_deg"": 0.3426, ""elongation_factor"": 1.59, ""postalCode_ranges"": ""[65615-000 65619-999]"", ""shares_border_with"": [""BR-MA-Caxias"", ""BR-MA-Codo"", ""BR-MA-GoncalvesDias"", ""BR-MA-SenadorAlexandreCosta""]}"
332892,76,2111102,"São João dos Patos",MA,SSS,2064621,sao.joao.patos,BR-MA-SaoJoaoPatos,99,"{""area_sr"": 0.12273, ""area_km2"": 1501, ""fat_deg_m"": 0.0000090, ""population"": {""ref"": ""IBGE"", ""date"": ""2021-07-01"", ""method"": ""estimate"", ""population"": 26063}, ""side_estim_km"": 38.7, ""side_estim_deg"": 0.3503, ""elongation_factor"": 1.86, ""postalCode_ranges"": ""[65665-000 65667-999]"", ""shares_border_with"": [""BR-MA-BaraoGrajau"", ""BR-MA-NovaIorque"", ""BR-MA-Paraibano"", ""BR-MA-PassagemFranca"", ""BR-MA-PastosBons"", ""BR-MA-SucupiraRiachao"", ""BR-PI-Guadalupe"", ""BR-PI-Jerumenha""]}"
332923,76,2111300,"São Luís",MA,SLS,28441,sao.luis,BR-MA-SaoLuis,98,"{""area_sr"": 0.06775, ""area_km2"": 833, ""fat_deg_m"": 0.0000090, ""is_capital"": true, ""population"": {""ref"": ""IBGE"", ""date"": ""2021-07-01"", ""method"": ""estimate"", ""population"": 1115932}, ""side_estim_km"": 28.9, ""side_estim_deg"": 0.2603, ""elongation_factor"": 1.48, ""postalCode_ranges"": ""[65000-001 65109-999]"", ""shares_border_with"": [""BR-MA-Alcantara"", ""BR-MA-Bacabeira"", ""BR-MA-Bacurituba"", ""BR-MA-Cajapio"", ""BR-MA-Rosario"", ""BR-MA-SaoJoseRibamar""], ""is_capital_isolevel"": 2}"
332934,76,2111409,"São Luís Gonzaga do Maranhão",MA,SZH,2066188,sao.luis.gonzaga.maranhao,BR-MA-SaoLuisGonzagaMaranhao,99,"{""area_sr"": 0.07887, ""area_km2"": 968, ""fat_deg_m"": 0.0000090, ""population"": {""ref"": ""IBGE"", ""date"": ""2021-07-01"", ""method"": ""estimate"", ""population"": 18600}, ""side_estim_km"": 31.1, ""side_estim_deg"": 0.2808, ""elongation_factor"": 1.8, ""postalCode_ranges"": ""[65708-000 65708-999]"", ""shares_border_with"": [""BR-MA-AltoAlegreMaranhao"", ""BR-MA-Bacabal"", ""BR-MA-BomLugar"", ""BR-MA-IgarapeGrande"", ""BR-MA-LagoJunco"", ""BR-MA-LimaCampos"", ""BR-MA-Pedreiras"", ""BR-MA-Peritoro"", ""BR-MA-TrizidelaVale""]}"
332937,76,2111508,"São Mateus do Maranhão",MA,SMH,2065276,sao.mateus.maranhao,BR-MA-SaoMateusMaranhao,99,"{""area_sr"": 0.0643, ""area_km2"": 790, ""fat_deg_m"": 0.0000090, ""population"": {""ref"": ""IBGE"", ""date"": ""2021-07-01"", ""method"": ""estimate"", ""population"": 41750}, ""side_estim_km"": 28.1, ""side_estim_deg"": 0.2536, ""elongation_factor"": 2.44, ""postalCode_ranges"": ""[65470-000 65479-999]"", ""shares_border_with"": [""BR-MA-AltoAlegreMaranhao"", ""BR-MA-Bacabal"", ""BR-MA-ConceicaoLagoAcu"", ""BR-MA-Coroata"", ""BR-MA-LagoVerde"", ""BR-MA-MatoesNorte"", ""BR-MA-Pirapemas""]}"
332938,76,2111532,"São Pedro da Água Branca",MA,,2065266,sao.pedro.agua.branca,BR-MA-SaoPedroAguaBranca,99,"{""area_sr"": 0.05856, ""area_km2"": 718, ""fat_deg_m"": 0.0000090, ""population"": {""ref"": ""IBGE"", ""date"": ""2021-07-01"", ""method"": ""estimate"", ""population"": 12779}, ""side_estim_km"": 26.8, ""side_estim_deg"": 0.242, ""elongation_factor"": 3.08, ""postalCode_ranges"": ""[65920-000 65920-999]"", ""shares_border_with"": [""BR-MA-VilaNovaMartirios"", ""BR-PA-AbelFigueiredo"", ""BR-PA-BomJesusTocantins"", ""BR-TO-Esperantina"", ""BR-TO-SaoSebastiaoTocantins""]}"
332948,76,2111573,"São Pedro dos Crentes",MA,,693685,sao.pedro.crentes,BR-MA-SaoPedroCrentes,99,"{""area_sr"": 0.08011, ""area_km2"": 979, ""fat_deg_m"": 0.0000090, ""population"": {""ref"": ""IBGE"", ""date"": ""2021-07-01"", ""method"": ""estimate"", ""population"": 4700}, ""side_estim_km"": 31.3, ""side_estim_deg"": 0.283, ""elongation_factor"": 3.03, ""postalCode_ranges"": ""[65978-000 65979-999]"", ""shares_border_with"": [""BR-MA-Carolina"", ""BR-MA-Estreito"", ""BR-MA-FeiraNovaMaranhao"", ""BR-MA-FormosaSerraNegra"", ""BR-MA-FortalezaNogueiras"", ""BR-MA-SaoJoaoParaiso"", ""BR-MA-SitioNovo""]}"
332950,76,2111607,"São Raimundo das Mangabeiras",MA,SMN,2065231,sao.raimundo.mangabeiras,BR-MA-SaoRaimundoMangabeiras,99,"{""area_sr"": 0.28817, ""area_km2"": 3521, ""fat_deg_m"": 0.0000090, ""population"": {""ref"": ""IBGE"", ""date"": ""2021-07-01"", ""method"": ""estimate"", ""population"": 19090}, ""side_estim_km"": 59.3, ""side_estim_deg"": 0.5368, ""elongation_factor"": 1.62, ""postalCode_ranges"": ""[65840-000 65849-999]"", ""shares_border_with"": [""BR-MA-Balsas"", ""BR-MA-FormosaSerraNegra"", ""BR-MA-FortalezaNogueiras"", ""BR-MA-Mirador"", ""BR-MA-Sambaiba""]}"
332982,76,2111631,"São Raimundo do Doca Bezerra",MA,,1947813,sao.raimundo.doca.bezerra,BR-MA-SaoRaimundoDocaBezerra,99,"{""area_sr"": 0.03418, ""area_km2"": 419, ""fat_deg_m"": 0.0000090, ""population"": {""ref"": ""IBGE"", ""date"": ""2021-07-01"", ""method"": ""estimate"", ""population"": 5028}, ""side_estim_km"": 20.5, ""side_estim_deg"": 0.1849, ""elongation_factor"": 2.26, ""postalCode_ranges"": ""[65753-000 65754-999]"", ""shares_border_with"": [""BR-MA-BarraCorda"", ""BR-MA-ItaipavaGrajau"", ""BR-MA-LagoPedra"", ""BR-MA-LagoaGrandeMaranhao"", ""BR-MA-SaoRoberto""]}"
332978,76,2111672,"São Roberto",MA,,744797,sao.roberto,BR-MA-SaoRoberto,99,"{""area_sr"": 0.01838, ""area_km2"": 225, ""fat_deg_m"": 0.0000090, ""population"": {""ref"": ""IBGE"", ""date"": ""2021-07-01"", ""method"": ""estimate"", ""population"": 6856}, ""side_estim_km"": 15, ""side_estim_deg"": 0.1356, ""elongation_factor"": 2.34, ""postalCode_ranges"": ""[65758-000 65759-999]"", ""shares_border_with"": [""BR-MA-BarraCorda"", ""BR-MA-Esperantinopolis"", ""BR-MA-Joselandia"", ""BR-MA-LagoPedra"", ""BR-MA-SaoRaimundoDocaBezerra""]}"
332977,76,2111706,"São Vicente Ferrer",MA,SCF,2095193,sao.vicente.ferrer,BR-MA-SaoVicenteFerrer,98,"{""area_sr"": 0.03168, ""area_km2"": 389, ""fat_deg_m"": 0.0000090, ""population"": {""ref"": ""IBGE"", ""date"": ""2021-07-01"", ""method"": ""estimate"", ""population"": 22452}, ""side_estim_km"": 19.7, ""side_estim_deg"": 0.178, ""elongation_factor"": 2.67, ""postalCode_ranges"": ""[65220-000 65222-999]"", ""shares_border_with"": [""BR-MA-Cajapio"", ""BR-MA-OlindaNovaMaranhao"", ""BR-MA-PedroRosario"", ""BR-MA-SaoBento"", ""BR-MA-SaoJoaoBatista"", ""BR-MA-Viana""]}"
332792,76,2111805,"Sítio Novo",MA,SYV,2099666,sitio.novo,BR-MA-SitioNovo,99,"{""area_sr"": 0.25474, ""area_km2"": 3118, ""fat_deg_m"": 0.0000090, ""population"": {""ref"": ""IBGE"", ""date"": ""2021-07-01"", ""method"": ""estimate"", ""population"": 18237}, ""side_estim_km"": 55.8, ""side_estim_deg"": 0.5047, ""elongation_factor"": 2.26, ""postalCode_ranges"": ""[65925-000 65926-999]"", ""shares_border_with"": [""BR-MA-AmaranteMaranhao"", ""BR-MA-FormosaSerraNegra"", ""BR-MA-Grajau"", ""BR-MA-LajeadoNovo"", ""BR-MA-MontesAltos"", ""BR-MA-SaoJoaoParaiso"", ""BR-MA-SaoPedroCrentes""]}"
332796,76,2112001,"Tasso Fragoso",MA,TSF,2307499,tasso.fragoso,BR-MA-TassoFragoso,99,"{""area_sr"": 0.35853, ""area_km2"": 4368, ""fat_deg_m"": 0.0000091, ""population"": {""ref"": ""IBGE"", ""date"": ""2021-07-01"", ""method"": ""estimate"", ""population"": 8642}, ""side_estim_km"": 66.1, ""side_estim_deg"": 0.5988, ""elongation_factor"": 2.33, ""postalCode_ranges"": ""[65820-000 65829-999]"", ""shares_border_with"": [""BR-MA-AltoParnaiba"", ""BR-MA-Balsas"", ""BR-MA-Sambaiba"", ""BR-PI-RibeiroGoncalves"", ""BR-PI-SantaFilomena""]}"
332784,76,2112100,Timbiras,MA,TMR,1008188,timbiras,BR-MA-Timbiras,99,"{""area_sr"": 0.12105, ""area_km2"": 1486, ""fat_deg_m"": 0.0000090, ""population"": {""ref"": ""IBGE"", ""date"": ""2021-07-01"", ""method"": ""estimate"", ""population"": 29241}, ""side_estim_km"": 38.6, ""side_estim_deg"": 0.3479, ""elongation_factor"": 1.59, ""postalCode_ranges"": ""[65420-000 65429-999]"", ""shares_border_with"": [""BR-MA-Chapadinha"", ""BR-MA-Codo"", ""BR-MA-Coroata"", ""BR-MA-VargemGrande""]}"
332783,76,2112209,Timon,MA,TMN,1017101,timon,BR-MA-Timon,99,"{""area_sr"": 0.14169, ""area_km2"": 1737, ""fat_deg_m"": 0.0000090, ""population"": {""ref"": ""IBGE"", ""date"": ""2021-07-01"", ""method"": ""estimate"", ""population"": 171317}, ""side_estim_km"": 41.7, ""side_estim_deg"": 0.3764, ""elongation_factor"": 1.12, ""postalCode_ranges"": ""[65630-001 65639-999]"", ""shares_border_with"": [""BR-MA-Caxias"", ""BR-MA-Matoes"", ""BR-PI-Nazaria"", ""BR-PI-Teresina""]}"
332782,76,2112233,"Trizidela do Vale",MA,,2065285,trizidela.vale,BR-MA-TrizidelaVale,99,"{""area_sr"": 0.01812, ""area_km2"": 222, ""fat_deg_m"": 0.0000090, ""population"": {""ref"": ""IBGE"", ""date"": ""2021-07-01"", ""method"": ""estimate"", ""population"": 22223}, ""side_estim_km"": 14.9, ""side_estim_deg"": 0.1346, ""elongation_factor"": 1.24, ""postalCode_ranges"": ""[65727-000 65727-999]"", ""shares_border_with"": [""BR-MA-BernardoMearim"", ""BR-MA-IgarapeGrande"", ""BR-MA-Pedreiras"", ""BR-MA-SaoLuisGonzagaMaranhao""]}"
332790,76,2112274,Tufilândia,MA,,2066033,tufilandia,BR-MA-Tufilandia,98,"{""area_sr"": 0.02203, ""area_km2"": 271, ""fat_deg_m"": 0.0000090, ""population"": {""ref"": ""IBGE"", ""date"": ""2021-07-01"", ""method"": ""estimate"", ""population"": 5868}, ""side_estim_km"": 16.4, ""side_estim_deg"": 0.1484, ""elongation_factor"": 2.26, ""postalCode_ranges"": ""[65378-000 65379-999]"", ""shares_border_with"": [""BR-MA-AltoAlegrePindare"", ""BR-MA-BomJardim"", ""BR-MA-PindareMirim"", ""BR-MA-SantaInes"", ""BR-MA-SantaLuzia""]}"
332789,76,2112308,Tuntum,MA,TTM,1957192,tuntum,BR-MA-Tuntum,99,"{""area_sr"": 0.27634, ""area_km2"": 3386, ""fat_deg_m"": 0.0000090, ""population"": {""ref"": ""IBGE"", ""date"": ""2021-07-01"", ""method"": ""estimate"", ""population"": 42242}, ""side_estim_km"": 58.2, ""side_estim_deg"": 0.5257, ""elongation_factor"": 2.54, ""postalCode_ranges"": ""[65763-000 65764-999]"", ""shares_border_with"": [""BR-MA-BarraCorda"", ""BR-MA-Colinas"", ""BR-MA-FernandoFalcao"", ""BR-MA-Joselandia"", ""BR-MA-Mirador"", ""BR-MA-PresidenteDutra"", ""BR-MA-SantaFilomenaMaranhao"", ""BR-MA-SaoDomingosMaranhao"", ""BR-MA-SaoJoseBasilios""]}"
332901,76,2112407,Turiaçu,MA,TUC,634717,turiacu,BR-MA-Turiacu,98,"{""area_sr"": 0.21046, ""area_km2"": 2589, ""fat_deg_m"": 0.0000090, ""population"": {""ref"": ""IBGE"", ""date"": ""2021-07-01"", ""method"": ""estimate"", ""population"": 35811}, ""side_estim_km"": 50.9, ""side_estim_deg"": 0.4588, ""elongation_factor"": 2.46, ""postalCode_ranges"": ""[65278-000 65278-999]"", ""shares_border_with"": [""BR-MA-Bacuri"", ""BR-MA-CandidoMendes"", ""BR-MA-Turilandia""]}"
332898,76,2112456,Turilândia,MA,,2064492,turilandia,BR-MA-Turilandia,98,"{""area_sr"": 0.12284, ""area_km2"": 1511, ""fat_deg_m"": 0.0000090, ""population"": {""ref"": ""IBGE"", ""date"": ""2021-07-01"", ""method"": ""estimate"", ""population"": 26112}, ""side_estim_km"": 38.9, ""side_estim_deg"": 0.3505, ""elongation_factor"": 2.46, ""postalCode_ranges"": ""[65276-000 65277-999]"", ""shares_border_with"": [""BR-MA-Bacuri"", ""BR-MA-CandidoMendes"", ""BR-MA-GovernadorNunesFreire"", ""BR-MA-PresidenteMedici"", ""BR-MA-SantaHelena"", ""BR-MA-SerranoMaranhao"", ""BR-MA-Turiacu""]}"
332905,76,2112506,Tutóia,MA,TUT,2012483,tutoia,BR-MA-Tutoia,98,"{""area_sr"": 0.1344, ""area_km2"": 1652, ""fat_deg_m"": 0.0000090, ""population"": {""ref"": ""IBGE"", ""date"": ""2021-07-01"", ""method"": ""estimate"", ""population"": 59927}, ""side_estim_km"": 40.6, ""side_estim_deg"": 0.3666, ""elongation_factor"": 2, ""postalCode_ranges"": ""[65580-000 65584-999]"", ""shares_border_with"": [""BR-MA-AguaDoceMaranhao"", ""BR-MA-Araioses"", ""BR-MA-PaulinoNeves"", ""BR-MA-SantanaMaranhao""]}"
332904,76,2112605,"Urbano Santos",MA,USS,2064632,urbano.santos,BR-MA-UrbanoSantos,98,"{""area_sr"": 0.09854, ""area_km2"": 1211, ""fat_deg_m"": 0.0000090, ""population"": {""ref"": ""IBGE"", ""date"": ""2021-07-01"", ""method"": ""estimate"", ""population"": 33791}, ""side_estim_km"": 34.8, ""side_estim_deg"": 0.3139, ""elongation_factor"": 2.1, ""postalCode_ranges"": ""[65530-000 65534-999]"", ""shares_border_with"": [""BR-MA-Anapurus"", ""BR-MA-Belagua"", ""BR-MA-Chapadinha"", ""BR-MA-MataRoma"", ""BR-MA-SantaQuiteriaMaranhao"", ""BR-MA-SaoBeneditoRioPreto""]}"
332903,76,2112704,"Vargem Grande",MA,VGE,1019640,vargem.grande,BR-MA-VargemGrande,98,"{""area_sr"": 0.15938, ""area_km2"": 1958, ""fat_deg_m"": 0.0000090, ""population"": {""ref"": ""IBGE"", ""date"": ""2021-07-01"", ""method"": ""estimate"", ""population"": 57813}, ""side_estim_km"": 44.2, ""side_estim_deg"": 0.3992, ""elongation_factor"": 1.36, ""postalCode_ranges"": ""[65430-000 65439-999]"", ""shares_border_with"": [""BR-MA-Cantanhede"", ""BR-MA-Chapadinha"", ""BR-MA-Coroata"", ""BR-MA-ItapecuruMirim"", ""BR-MA-NinaRodrigues"", ""BR-MA-Pirapemas"", ""BR-MA-PresidenteVargas"", ""BR-MA-Timbiras""]}"
332906,76,2112803,Viana,MA,VNA,2106072,viana,BR-MA-Viana,98,"{""area_sr"": 0.09677, ""area_km2"": 1189, ""fat_deg_m"": 0.0000090, ""population"": {""ref"": ""IBGE"", ""date"": ""2021-07-01"", ""method"": ""estimate"", ""population"": 52852}, ""side_estim_km"": 34.5, ""side_estim_deg"": 0.3111, ""elongation_factor"": 3.28, ""postalCode_ranges"": ""[65215-000 65217-999]"", ""shares_border_with"": [""BR-MA-Anajatuba"", ""BR-MA-Arari"", ""BR-MA-Cajari"", ""BR-MA-Matinha"", ""BR-MA-OlindaNovaMaranhao"", ""BR-MA-PedroRosario"", ""BR-MA-Penalva"", ""BR-MA-SaoJoaoBatista"", ""BR-MA-SaoVicenteFerrer""]}"
332917,76,2112852,"Vila Nova dos Martírios",MA,,2065169,vila.nova.martirios,BR-MA-VilaNovaMartirios,99,"{""area_sr"": 0.09719, ""area_km2"": 1192, ""fat_deg_m"": 0.0000090, ""population"": {""ref"": ""IBGE"", ""date"": ""2021-07-01"", ""method"": ""estimate"", ""population"": 13800}, ""side_estim_km"": 34.5, ""side_estim_deg"": 0.3118, ""elongation_factor"": 1.44, ""postalCode_ranges"": ""[65924-000 65924-999]"", ""shares_border_with"": [""BR-MA-Cidelandia"", ""BR-MA-SaoPedroAguaBranca"", ""BR-PA-AbelFigueiredo"", ""BR-PA-RondonPara"", ""BR-TO-BuritiTocantins"", ""BR-TO-CarrascoBonito"", ""BR-TO-Sampaio"", ""BR-TO-SaoSebastiaoTocantins""]}"
332915,76,2113009,"Vitorino Freire",MA,VFR,1120902,vitorino.freire,BR-MA-VitorinoFreire,98,"{""area_sr"": 0.10596, ""area_km2"": 1301, ""fat_deg_m"": 0.0000090, ""population"": {""ref"": ""IBGE"", ""date"": ""2021-07-01"", ""method"": ""estimate"", ""population"": 31520}, ""side_estim_km"": 36.1, ""side_estim_deg"": 0.3255, ""elongation_factor"": 2.32, ""postalCode_ranges"": ""[65320-000 65334-999]"", ""shares_border_with"": [""BR-MA-AltamiraMaranhao"", ""BR-MA-BelaVistaMaranhao"", ""BR-MA-BomLugar"", ""BR-MA-BrejoAreia"", ""BR-MA-OlhoAguaCunhas"", ""BR-MA-PauloRamos"", ""BR-MA-Satubinha""]}"
332914,76,2112902,"Vitória do Mearim",MA,VMM,2065110,vitoria.mearim,BR-MA-VitoriaMearim,98,"{""area_sr"": 0.05831, ""area_km2"": 716, ""fat_deg_m"": 0.0000090, ""population"": {""ref"": ""IBGE"", ""date"": ""2021-07-01"", ""method"": ""estimate"", ""population"": 32956}, ""side_estim_km"": 26.8, ""side_estim_deg"": 0.2415, ""elongation_factor"": 2.49, ""postalCode_ranges"": ""[65350-000 65359-999]"", ""shares_border_with"": [""BR-MA-Arari"", ""BR-MA-Cajari"", ""BR-MA-ConceicaoLagoAcu"", ""BR-MA-IgarapeMeio"", ""BR-MA-PioXii""]}"
332926,76,2114007,"Zé Doca",MA,ZED,1806488,ze.doca,BR-MA-ZeDoca,98,"{""area_sr"": 0.19642, ""area_km2"": 2414, ""fat_deg_m"": 0.0000090, ""population"": {""ref"": ""IBGE"", ""date"": ""2021-07-01"", ""method"": ""estimate"", ""population"": 52190}, ""side_estim_km"": 49.1, ""side_estim_deg"": 0.4432, ""elongation_factor"": 2.79, ""postalCode_ranges"": ""[65365-000 65367-999]"", ""shares_border_with"": [""BR-MA-Araguana"", ""BR-MA-CentroNovoMaranhao"", ""BR-MA-GovernadorNewtonBello"", ""BR-MA-Moncao"", ""BR-MA-NovaOlindaMaranhao"", ""BR-MA-PedroRosario""]}"
332936,76,2100154,"Água Doce do Maranhão",MA,,2013406,agua.doce.maranhao,BR-MA-AguaDoceMaranhao,98,"{""area_sr"": 0.03601, ""area_km2"": 443, ""fat_deg_m"": 0.0000090, ""population"": {""ref"": ""IBGE"", ""date"": ""2021-07-01"", ""method"": ""estimate"", ""population"": 12731}, ""side_estim_km"": 21, ""side_estim_deg"": 0.1898, ""elongation_factor"": 2.19, ""postalCode_ranges"": ""[65578-000 65579-999]"", ""shares_border_with"": [""BR-MA-Araioses"", ""BR-MA-Tutoia""]}"